,id,title,description,director,cast,rating
36,tt0078748,Alien,The crew of a commercial spacecraft encounter a deadly lifeform after investigating an unknown transmission.,Ridley Scott,"Sigourney Weaver, 
Tom Skerritt, 
John Hurt, 
Veronica Cartwright",8.5
46,tt0081505,The Shining,"A family heads to an isolated hotel for the winter where a sinister presence influences the father into violence, while his psychic son sees horrific forebodings from both past and future.",Stanley Kubrick,"Jack Nicholson, 
Shelley Duvall, 
Danny Lloyd, 
Scatman Crothers",8.4
86,tt0084787,The Thing,A research team in Antarctica is hunted by a shape-shifting alien that assumes the appearance of its victims.,John Carpenter,"Kurt Russell, 
Wilford Brimley, 
Keith David, 
Richard Masur",8.2
95,tt0070047,The Exorcist,"When a teenage girl is possessed by a mysterious entity, her mother seeks the help of two priests to save her daughter.",William Friedkin,"Ellen Burstyn, 
Max von Sydow, 
Linda Blair, 
Lee J. Cobb",8.1
96,tt0054215,Psycho,"A Phoenix secretary embezzles $40,000 from her employer's client, goes on the run and checks into a remote motel run by a young man under the domination of his mother.",Alfred Hitchcock,"Anthony Perkins, 
Janet Leigh, 
Vera Miles, 
John Gavin",8.5
200,tt0063522,Rosemary's Baby,"A young couple trying for a baby moves into an aging, ornate apartment building on Central Park West, where they find themselves surrounded by peculiar neighbors.",Roman Polanski,"Mia Farrow, 
John Cassavetes, 
Ruth Gordon, 
Sidney Blackmer",8.0
350,tt0056687,What Ever Happened to Baby Jane?,A former child star torments her paraplegic sister in their decaying Hollywood mansion.,Robert Aldrich,"Bette Davis, 
Joan Crawford, 
Victor Buono, 
Wesley Addy",8.0
531,tt20249418,Romancham,Based on real incidents that happened in the life of 7 bachelors in Bangalore in 2007 after playing the Ouija board and events followed by it.,Jithu Madhavan,"Soubin Shahir, 
Arjun Ashokan, 
Chemban Vinod Jose, 
Sajin Gopu",8.1
582,tt0010323,The Cabinet of Dr. Caligari,"Hypnotist Dr. Caligari uses a somnambulist, Cesare, to commit murders.",Robert Wiene,"Werner Krauss, 
Conrad Veidt, 
Friedrich Feher, 
Lil Dagover",8.0
943,tt0012364,The Phantom Carriage,"On New Year's Eve, the driver of a ghostly carriage forces a drunken man to reflect on his selfish, wasted life.",Victor Sjöström,"Victor Sjöström, 
Hilda Borgström, 
Tore Svennberg, 
Astrid Holm",8.0
1017,tt8239946,Tumbbad,A mythological story about a goddess who created the entire universe. The plot revolves around the consequences when humans build a temple for her first-born.,"Rahi Anil Barve, 
Anand Gandhi, 
Adesh Prasad","Sohum Shah, 
Jyoti Malshe, 
Anita Date-Kelkar, 
Ronjini Chakraborty",8.2
1265,tt13309170,Influencer,"While struggling on a solo backpacking trip in Thailand, social media influencer Madison meets CW, who travels with ease and shows her a more uninhibited way of living, but CW's interest in her takes a darker turn.",Kurtis David Harder,"Emily Tennant, 
Sara Canning, 
Cassandra Naud, 
Rory J Saper",8.1
1352,tt0046911,Diabolique,The wife and mistress of a loathed school principal plan to murder him with what they believe is the perfect alibi.,Henri-Georges Clouzot,"Simone Signoret, 
Véra Clouzot, 
Paul Meurisse, 
Charles Vanel",8.1
1512,tt23572542,My Animal,"Heather, an outcast teenage goalie, falls for newcomer Jonny, an alluring but tormented figure skater. As their relationship deepens, Heather's growing desires clash with her darkest secret, forcing her to control the animal within.",Jacqueline Castel,"Bobbi Salvör Menuez, 
Amandla Stenberg, 
Heidi von Palleske, 
Stephen McHattie",8.1
1570,tt2478478,Dreams of Darkness,"Devastated by the disappearance of his wife, Derek Fabry enters a nightmarish world of the occult, erotic evil, and supernatural seduction as he tries to unravel the mystery of her vanishing.",Nikolai Malden,"Miles Jonn-Dalton, 
Pia Bertucci, 
Renee Domenz, 
Libby Amato",8.1
1641,tt25872924,Waktu Maghrib,In a village there is a girl who says goodbye to the mosque to pray maghrib to her father.,Sidharta Tata,"Ali Fikry, 
Bima Sena, 
Nafiza Fatia Rani, 
Andri Mashadi",8.7
1756,tt0063633,The Cremator,"Set in Central Europe during World War II, a demented cremator believes cremation relieves earthly suffering and sets out to save the world.",Juraj Herz,"Rudolf Hrusínský, 
Vlasta Chramostová, 
Jana Stehnová, 
Milos Vognic",8.0
2146,tt3461252,The Blue Elephant,"The story of Dr. Yehia, a psychotherapist at Al Abbasia hospital. He works in the department treating the criminally insane, only to find his best friend to be one of the patients. Trying ...                See full summary »",Marwan Hamed,"Karim Abdel Aziz, 
Khaled El-Sawi, 
Nilli Karim, 
Mohamed Mamdouh",8.0
2422,tt0016847,Faust,The demon Mephisto wagers with God that he can corrupt a mortal man's soul.,F.W. Murnau,"Gösta Ekman, 
Emil Jannings, 
Camilla Horn, 
Frida Richard",8.1
2905,tt13871422,Enter the Drag Dragon,"Crunch is a part-time amateur detective / full-time Drag Queen. Crunch finds himself over his head dealing with corrupt cops, gangsters, zombies, androids, mummies and ghosts. Don't miss this first ever Drag-Fu Odyssey.",Lee Demarbre,"Jade London, 
Samnang Tep, 
Beatrice Beres, 
Dave Bignell",8.8
2912,tt12415546,Attack on Titan: Chronicle,A recap of the popular anime series Shingeki no Kyojin from seasons 1-3.,"Masashi Koizuka, 
Tetsurô Araki","Yûki Kaji, 
Yui Ishikawa, 
Marina Inoue, 
Natsuki Aikawa",8.5
3083,tt12981538,Capra cu trei iezi,"Secluded from the world, in XIX century rural Romania, a widow and mother of three must defend what's left of her family, at all costs, from an old family friend turned foe. Based on one of...                See full summary »",Victor Canache,"Maia Morgenstern, 
Marius Bodochi, 
Razvan Ilina, 
Antonio Gavrila",8.2
3147,tt23874814,Backrooms: The Movie,Kane Pixels (Kane Parsons) Falls Into The Backrooms And Try's To Get Out Of It,Gideon Bratland,"Gideon Bratland, 
Kane Parsons",9.2
3213,tt1530535,Magnetic Rose,"""Magnetic Rose"" is about what happens when a deep space corporate freighter is called upon to investigate a distress signal from what ought to be a derelict space station. The space station...                See full summary »",Kôji Morimoto,"Shigeru Chiba, 
Ami Hasegawa, 
Masato Hirano, 
Tomoko Ishimura",8.2
3246,tt26542515,Suvarna Sundari,"Revolves around a fabled Trinethri Idol, and how it affects several lives in the course of its journey from the 15th century to modern times.",Surendra Madaarapu,"Sakshi Chaudhary, 
Shamna Kasim, 
Jaya Prada, 
Avinash",8.5
3278,tt11241394,Hair-Trigger,A group of novice criminals find themselves laying low in the middle of nowhere. Chaos and confusion set in as they find out they may not be alone.,Steven Gerald Warkel,"Emily Carlson, 
Chris Charais, 
Joseph Schwartz, 
Jeremy Frandrup",8.9
3375,tt4470260,The Arc,"A secret organization with a hidden agenda sets in motion the beginning of Armageddon. Governments have been infiltrated, law and order become an illusion, and humanity struggles to hang on...                See full summary »",J.T. Woods,"Maria Shamkalian, 
Samantha Ireland, 
Jeff Moffitt, 
Zephyr Ingle",9.1
3462,tt10515086,The Blue Elephant 2,"A meeting with a new inmate in the psychiatric hospital flips Dr. Yehia's life upside down, he prophesies that the death of his entire family is only three days away.",Marwan Hamed,"Karim Abdel Aziz, 
Nilli Karim, 
Hind Sabri, 
Eyad Nassar",8.0
3497,tt0087123,Strangler vs. Strangler,"A mentally-disturbed flower seller starts killing young girls on the streets of Belgrade. While the frustrated police inspector is trying to stop him, an aspiring musician finds his life and work deeply intertwined with that of a killer.",Slobodan Sijan,"Tasko Nacic, 
Nikola Simic, 
Srdjan Saper, 
Sonja Savic",8.1
3586,tt0165473,Demons,"After being robbed by a geisha, a ronin warrior carves a bloody path to seek revenge.",Toshio Matsumoto,"Katsuo Nakamura, 
Juro Kara, 
Yasuko Sanjo, 
Masao Imafuku",8.0
3827,tt7941892,Attack on Titan: The Roar of Awakening,"Eren Yeager and others of the 104th Training Corps have just become full members of the Survey Corps. As they ready themselves to face the Titans once again, their preparations are interrupted by the invasion of Wall Rose.",Masashi Koizuka,"Yûki Kaji, 
Yui Ishikawa, 
Marina Inoue, 
Hiro Shimono",8.4
3964,tt5061126,Rocky Horror Show Live,"A live stage production of the musical, filmed at the Playhouse Theatre in London, commemorating the 40th anniversary of the release of The Rocky Horror Picture Show (1975).",Christopher Luscombe,"Jayde Westaby, 
Haley Flaherty, 
Ben Forster, 
Stephen Fry",8.1
4061,tt23024514,Ballabhpurer Roopkotha,King Bhupati Ray of Ballabhpur is almost bankrupt. He plans to sell off his dilapidated ancestral mansion to repay his debts. But the ghost of an ancestor decides to play spoilsport.,Anirban Bhattacharya,"Satyam Bhattacharya, 
Surangana Banerjee, 
Debraj Bhattacharya, 
Shyamal Chakraborty",8.2
4076,tt8428550,Canvas,"When a demon known as 'The Painter' comes to Earth, FBI agent George Rohan finds himself tasked with covering up The Painter's multiplying murders. Meanwhile a journalist, Reila Martin works to unveil George's growing web of lies.",Ryan Guiterman,"Mandy Bishop, 
Tymon Brown, 
Marama Corlett, 
Isabel Ellison",8.0
4125,tt11416582,Amber Road,This is a horrific tale filled with twists and turns in a world where nothing is as it seems. A couple find themselves imprisoned by a serial killer driven by the demands and depravity of individuals finding a community on the dark web.,B. Luciano Barsuglia,"Rachel Riley, 
Elissa Dowling, 
William McNamara, 
Crystal J. Huang",8.2
4735,tt2351177,Bhooter Bhabishyat,"A rib-tickling comedy about a group of spirits who, in their various idiosyncrasies, try and save their only haunt, their resting place, when some unscrupulous builders try and break it down to build a modern monstrosity.",Anik Datta,"Swastika Mukherjee, 
Parambrata Chattopadhyay, 
Sabyasachi Chakrabarty, 
Samadarshi Dutta",8.1
4822,tt13053618,Casting Kill,"An identity fraudster posing as a casting director for a major Hollywood production, preys on actors desperate to win their big break.",James Smith,"Rob Laird, 
Rachel Chima, 
Jack Forsyth-Noble, 
Andrew Elias",8.0
4887,tt15658626,Here for Blood,"When his girlfriend, Phoebe, is swamped with college exams; Tom O'Bannon, a rowdy pro-wrestler struggling to make ends meet, agrees to fill in as a last-minute replacement for her well ...                See full summary »",Daniel Turres,"Shawn Roberts, 
Maya Misaljevic, 
Joelle Farrow, 
Tara Spencer-Nairn",8.5
5202,tt0214915,Manichithrathazhu,"When a forbidden room in an old bungalow is unbolted, the spirit of a vengeful dancer is unleashed.",Fazil,"Shobana, 
Mohanlal, 
Suresh Gopi, 
Vinaya Prasad",8.8
5288,tt15341964,Camera Error,Who knows about live murder? Will there be a camera malfunction or camera error?,Agaran,"Agaran, 
Sudhir Reddy Gujjula, 
Prabakar, 
Harini Prasanna",8.7
5495,tt23860842,Evil,"Film starts with anbu, he dreams a bad visual which he gets regularly in his dreams, so to understand about the nightmare he plans a trip with his Girlfriend Pavithra and along with roommate Harish to visit a haunted Church.",Jagan Aloysius,"Vijay Akash, 
Jeeva, 
Lavika, 
Nithya Raj",8.7
5508,tt3683440,Deyyam,This film explores the competing strengths of a father's love and an evil spirit's will to possess.,Ram Gopal Varma,"Tanikella Bharani, 
Swathi Deekshith, 
Swati Dixit, 
Aahuthi Prasad",8.0
5521,tt25030660,Keeping Secrets,"Determined to prove herself, a police officer must go undercover at a seedy lounge to catch a serial killer.",Omegia Keeys,"Bridgette Michelle Bentley, 
Jesse Dwight Bingham, 
Quincy Bonds, 
Scott Burkholder",8.6
5538,tt20863740,Miltown,"When an ancient being infiltrates an imaginative young man's family ranch, he must take it upon himself to discover who can be trusted and who is turning them against each other.","Chris Beyrooty, 
Connor Martin","Clay Flaten, 
John Adams, 
Zelda Adams, 
Henry Lynch",9.2
5700,tt14642156,Reunion from Hell 2,"Picking up two years after the events of the first film, we follow Riley Conner and his friends as they leave to celebrate Christmas at a secluded cabin in the mountains after an anonymous ...                See full summary »","Hayden Newman, 
Sam Hodge","Lisa Wilcox, 
Mark Patton, 
James Stokes, 
Danny Hassel",9.0
5954,tt9509866,The Guy Who Didn't Like Musicals,"Paul is an average guy. He likes movies, and pizza, and average guy things. He does not like - musicals. But Paul's small world is about to come crashing down under the weight of ...                See full summary »",Nick Lang,"Jon Matteson, 
Lauren Lopez, 
Joey Richter, 
Jaime Lyn Beatty",8.4
5956,tt19636300,Geetha,Geeta (Hebba Patel) is a dumb orphan girl. She runs an orphanage with the support of her childhood deaf friend Valli (Priya) . Geeta and Priya gathers list like who are not having children ...                See full summary »,Viswa R Rao,"Hebah Patel, 
Sunil",8.6
6103,tt10943762,The Red Tide Massacre,A female TV reporter investigating the red tide environmental disaster in Southwest Florida becomes the target of an unknown monster.,"John A. Russo, 
Gavin Peretti, 
Joseph M. Setele","Michael Paré, 
Susan Elle, 
Sam Schweikert, 
Rich Sands",9.0
6163,tt13261048,La Bruja,"40 years ago, a man made a pact with a witch in exchange for the life of his granddaughter when she turned 15. Now the time has come, and the family must fight.",Ronny A. Sosa,"Orestes Amador, 
Hony Estrella, 
Guillermo Liriano, 
Lumi Lizardo",9.0
6322,tt13449566,WJHC AM,"A smart ass DJ wants to start a career in radio, but the only place that will hire him is an old Southern Gospel Radio station. His first night shift happens during Y2K AND the rapture. Literally, all hell breaks loose.","Vinnie Vineyard, 
Luke Walker","Vinnie Vineyard, 
Tracy Yaste, 
Luke Walker, 
Travis Graves",9.6
6396,tt7140554,Eyeless Jack,Judge Mathis goes on a thrilling adventure on the quest to find the lost aura of space.,"Chris Barcia, 
Joanna 'Priss' Medina","Lance Bilodeau, 
Candi Core, 
Alyssa Perez",8.6
6397,tt2585562,Pizza,A pizza delivery boy lands in a mysterious circumstance and it works a dramatic change in his life.,Karthik Subbaraj,"Vijay Sethupathi, 
Ramya Nambeeshan, 
Aadukalam Naren, 
Karunakaran",8.0
6457,tt14571220,8 Found Dead,"Two couples take a weekend getaway in the middle of the desert, only to discover that their airbnb is already occupied. It's a long and bloody night told from four points-of-view.",Travis Greene,"Nancy Linehan Charles, 
Alisha Soper, 
Tim Simek, 
Laura Buckles",8.4
6515,tt11706558,Fang,Psychological Thriller about a young man dealing with his mental struggles while living with his failing mothers health and breaking down himself.,Richard Burgin,"Dylan LaRay, 
Lynn Lowry, 
Jess Paul, 
Tom White",8.8
6578,tt21239560,Minacious,A customer service agent working from home is terrorized by a dissatisfied psychopathic caller.,Richard Anthony Dunford,"Sarah Alexandra Marks, 
Eric Roberts, 
Colin Baker, 
Dani Thompson",8.6
6623,tt11120378,The Once and Future Smash,"In 1970, Mikey and William both portrayed football cannibal Smash-Mouth in the influential cult hit, End Zone 2. Now, 50 years later, only one can wear the mask.","Sophia Cacciola, 
Michael J. Epstein","Michael St. Michaels, 
Bill Weeden, 
A.J. Cutler, 
Vincent Craig Dupree",8.1
6628,tt15197250,Sin Apple,A man places a woman under a spell to make her fall in love with him. Problems arise when her true love comes back into the picture.,Kenya Cagle,"Melessa Avery, 
Beverly Brown, 
Naeemah Brown, 
Markel Burden",9.3
6782,tt16350506,Loving Polly,"After a young teenage girl leaves a summer concert in the mid 90's, she is viciously attacked and abducted by a young man with animalistic-like behavior. Polly awakens confused and ...                See full summary »",John Theissen Jr.,"Ryan Calvacca, 
Marcia Aracena Cruz, 
Catalina Natale, 
John Theissen Jr.",8.8
6910,tt6025212,Eyeless Jack: The Movie,Eyeless Jack's movie is a fan of 0 euro badge film based on Eyeless Jack's creepypasta.,Matteo Finozzi,"Alessandro Mendo, 
Daniele Turcato, 
Matteo Finozzi",8.2
6969,tt1278060,The Garden of Sinners: Paradox Spiral,A teenage demon hunter uses her mystical powers to investigate supernatural events.,"Takayuki Hirao, 
Takahiro Miura","Maaya Sakamoto, 
Kenichi Suzumura, 
Takako Honda, 
Jôji Nakata",8.0
7080,tt19414026,Retro Freaks,"They collect toys. She collects souls. A group of friends must stand together to take down the demon, Princess Acula, before it is too late.","Michael Goldermann, 
David James Ryan","Andre Gower, 
Josh Martin, 
Blake McNamara, 
Nikole Cheyanne Newberry",8.5
7086,tt14425468,Jatugriha,"Upon taking up a new job, a hotel manager tries to unearth the mystery behind a seemingly haunted manor in the hills.",Saptaswa Basu,"Parambrata Chattopadhyay, 
Bonny Sengupta, 
Piyali Chakraborty, 
Payel Sarkar",8.3
7172,tt10472094,Inheritance,"After the murder of their parents,Nick and Steve Wellington are left to share their Inheritance. However, when the masked Figure shows back up to finish what was started, everyone will learn the hard way that blood runs thicker than water.",Michael Kenneth Fahr,"Michael Kenneth Fahr, 
Christopher Sarlls, 
Christopher Patrino, 
Justine Renee",8.3
7184,tt15470434,My Inner Demon: A Geraldson Tale,"While making a series of found footage videos, a pair of filmmakers accidentally summon an evil entity that becomes hellbent on destroying them.",Gerald Varga,"Darren Andrichuk, 
Magdalena Fekete, 
Jimmy Gannon, 
David Quast",8.2
7281,tt7598276,Phantom,"A young reporter reveals, in search of her first big story, the cruel truth about the legend of the phantom and a 15-year unsolved murder series .",Stephan Taubert,"Sascha Malo Klemm, 
Reinhardt Großmann, 
Stephan Taubert, 
Kathleen Lepel",8.0
7386,tt13632748,Blackout,This film looks back on the mysterious disappearances that took place at the fort of Mont-Tarb in November 2018.,Arthur Sauvion,"Kian Barazandeh, 
Pierre Birling",9.1
7390,tt22940988,Ribspreader,"In the depraved depths of Murder City comes Ribspreader. A crazed maniac on a bloody crusade hellbent on wiping out smokers. In a city of killers, freaks and perverts, a turf war for victims explodes!",Dick Dale,"Tommy Darwin, 
Marni Russo, 
Neil Foley, 
Tess O'Flaherty",8.1
7431,tt19784370,Bairan Palli,Telugu film directed by Venkat Kacharla.,Kacharla Venkat,"Prem Sagar, 
Prabhavati, 
P. Vijay Kumar, 
Madhavi Prasad",8.9
7596,tt17282434,Phas Gaye Yaaro,based on the fictional horror story about a witch who roams around a jungle resort and abducts every men at night when they are alone outside the resort and only leaves their underwear behind causing many disappearances over the months.,Yusuf Surti,"Mast Ali, 
Aziz Naser, 
Alfaf Hyder, 
Nimesh Diliprai",8.7
7664,tt18297438,Succuba,An evil presence attaches to a lonely widower who intends to guard it for as long as he can.,Jaron Lockridge,"Ketrick 'Jazz' Copeland, 
Crystal Jones, 
Christopher Allen, 
Jeff Haltom",8.2
7874,tt0451638,Ang babaeng nawawala sa sarili,"WITH HER DEVIANT SEXUAL BEHAVIOR, OLIVIA, A NYMPHOMANIAC, COMPROMISES THE REPUTATION OF ALBINA WHO RESEMBLES HER.",Eddie Rodriguez,"Dina Bonnevie, 
Tonton Gutierrez, 
Eddie Gutierrez, 
Cherie Gil",8.1
7892,tt12813706,It Came Upon a Midnight Clear,"Jeremy Adams, a hopeless romantic high school senior, just scored a date with his dream girl, Amanda Lawton, but she is kidnapped causing him and his best friend, Minka, to go on a horrific quest to save her from a ruthless serial killer.",Stephen Allen Gutierrez,"Drew Pipkin, 
Jaeden Riley Juarez, 
Katerina Sifuentes, 
Michael Berryman",8.5
7908,tt4879102,Films Confiscated from a French Brothel,"A bare all Avant-garde Anthology homage to silent stag films, vintage erotica and pre-code sexiness.","Selene Kapsaski, 
Gabriella Kapsaski, 
Bob Moricz, 
Drusilla Phillips, 
Craig Podmore, 
J.P. Schmidt","Patrick Carney Junior, 
Tom Christoffel, 
Barry Cortez, 
Una Debrovnik",8.8
7968,tt4953676,Garrow,"Robert Francis Garrow was a serial rapist and murderer whose reign of terror paralyzed the North Country between the years of 1960 and 1978. Born in Mineville, New York in 1936, Robert's ...                See full summary »",Lori Kelly,"Mark Valley, 
Terri Garber, 
Philip Casnoff, 
Jay Alan Christianson",8.7
8012,tt0083275,Variola Vera,This is a true story of the famous Variola epidemic outbreak in Belgrade.,Goran Markovic,"Rade Serbedzija, 
Erland Josephson, 
Dusica Zegarac, 
Varja Djukic",8.1
8029,tt10724432,Slaughter Beach,Two wannabe heroes track down a crazed serial killer who is terrorizing their coastal town.,Daniel C. Davis,"Jon McKoy, 
Ethan Han, 
Jim Cannatelli, 
Amy Lynn Patton",9.6
8299,tt13074922,Valentine Crush,"A roller derby player gets in a little over her head after she meets her ""number one fan"".",Jamie Wede,"Kate Robertson Pryor, 
Anthony Hunke, 
Sarah Brings Three White Horses, 
Kristen Ford",9.4
8300,tt11159908,Junoon,"A wannabe vlogger travels from Saudi Arabia with his wife and best friend all the way to Southern California, wishing for some great paranormal footage. When their wish comes true, will they know when to turn the cameras off and flee?","Maan B., 
Yaser B.","Saleh Alem, 
Ida Alkusay, 
Maan B., 
Khairia Nazmi",8.7
8335,tt15978042,The Third Saturday in October,"When a psycho goes on a murderous rampage after surviving a botched execution, only two survivors of his initial attack can stop him.",Jay Burleson,"Darius Willis, 
K.J. Baker, 
Allison Shrum, 
Lew Temple",8.0
8345,tt23712068,Accept or Reject,A group of young people is indulging in an unfamiliar internet game. A game of knowledge and skills which at first glance appears harmless over time turns into a fight for life.,Bozidar Pesic,"Petar Ilic, 
Igor Ivanovski, 
Milos Mitrovic, 
Ivana Nedovic",9.5
8489,tt18309986,Blades in the Darkness,The horror is never ending..,Alex Visani,"Arnold Damazzeti, 
Manuela Arcuri, 
Lorenzo Lepori, 
Ermir Jonka",8.0
8515,tt3252088,Sex & Violence,"When Nathan's closest friends get together to celebrate his first year of sobriety, they are unaware that serial killer Robert Craven has recently escaped from a nearby asylum and is headed straight their way.",Giancarlo Orellana,"Stan J. Adams, 
Craig Glatt, 
Brit Godish, 
Haley Morganne Hancock",8.6
8802,tt10869730,Pagan Peak VR,A journey to the darkest corners of the human mind.,"Ioulia Isserlis, 
Max Sacker","Bennet Büker, 
Philipp Droste, 
Ioulia Isserlis, 
Pauline Maréchal",8.2
8890,tt8714776,The Haunted House: The Secret of the Cave,"Hari and Duri are a sister and brother living in the Shinbi apartment complex, which is more than a hundred years old. Living with them is a 102-year-old goblin named Shinbi.","Kim Byeong-gab, 
Jack Cox","Hyeon-Jeong Jo, 
Kim Chaeha, 
Kim Youngeun, 
Sin Yong-woo",8.1
8996,tt11166382,The Third Saturday in October Part V,Follow an implacable killer as he stalks and butchers the occupants of houses across the stretch of one lone country road while the residents prepare to watch a yearly college-football bout.,Jay Burleson,"Kansas Bowling, 
Poppy Cunningham, 
Taylor Smith, 
Bart Hyatt",8.3
9056,tt18265146,Victoria : Ek Rahasya,A couple arrives at Hotel Victoria and are greeted by the creepy owner who is the only occupant of the sprawling property. The hotel seems to house a sinister presence that harasses the couple till the secrets of the hotel are unearthed.,"Jeet Ashok, 
Virajas Kulkarni","Pushkar Jog, 
Sonalee Kulkarni, 
Aashay Kulkarni, 
Mikaila Telford",8.8
9076,tt11297302,Spooky Month - The Stars,It's Spooky Month! This Time Skid and Pump meet a new friend. And he can show them the stars.,David Cazares,"David Cazares, 
Kellen Goff, 
CoffinJockey, 
Elsie Lovelock",9.2
9124,tt15052620,Human Hibachi 2,"Set in the deep woods, a cannibal family obsessed with the first ""Human Hibachi"" video have have made it their life's mission to find the only two individuals left from it. If successful, ...                See full summary »",Mario Cerrito,"Julie Chapin, 
Frank Volpe, 
Tammy Jean, 
Giavonna Banner",8.9
9213,tt14981646,The Call 3: End of the Line,"After the Purifier's death, Caetano is still haunted by dreams about the killer. In one of those dreams he sees the killer killing another girl, and the death actually occurred, how can he stop an assassin who is already dead.",Rui Constantino,"Caleb Angel, 
Robinson Cohen, 
Paulo Constantino, 
Rui Constantino",8.3
9241,tt16392762,The Party Slasher,"Four people, lost on a camping trip, stumble upon a cabin in the woods that they can't seem to leave. It's when a fifth wanderer arrives that things get sinister.",Teddy Padilla,"Will Youmans, 
Olivia Scott Welch, 
Sam Maury-Holmes, 
Goon",8.3
9457,tt19878416,Beyond the Gates of Hell,"A newly married couple purchase a mansion in the countryside to open a bed and breakfast. However, it is revealed that brutal murders has took place previously on the property and someone or something might be lurking in the basement.",Dustin Ferguson,"Traci Burr, 
Eric Larsen, 
Brinke Stevens, 
Robert Lankford",8.4
9606,tt2224139,Doppelsauger: El Misterio de Sara,"Special Agent Ramirez must solve the disappearance of a young woman. The clues lead him to the business of white slavery as a prime suspect, a man with a double life. When the case seems to...                See full summary »",Alejandro Alvariño,"Alejandro Alvariño, 
Luis Calvillo, 
Valeria Bon Catalán, 
Fernando Pardo",8.4
9878,tt20724798,Rip Real Horror Story,"Presenting South (Sauth) Indian Movies Dubbed In Hindi Full Movie (Hindi Movies, South Movie) ""RIP REAL HORROR STORY"" starring Vijay Chendur, Hanumanthe Gowda and Aarti Kulkarni, Raj Nitish Kumar. Exclusively on South Hotstar Heroines",Somnath P. Patil,"Vijay Chendur, 
Hanumanthe Gowda, 
Aarti Kulkarni, 
Ram Kumar Anmol",9.0
9940,tt12631534,Rosie: The Saffron Chapter,A film based on true events in Gurugram.,Vishal Mishra,"Arbaaz Khan, 
Tanishaa Mukerji, 
Shivin Narang, 
Shivika Rishi",8.9
10037,tt18555994,Kapala,The movie begins from Bangalore. 2 siblings live along with their friend in an apartment in the city. The younger brother falls unexpectedly in deep trouble which turns almost fatal.,Vinay Yadunandan,"Abhimanyu Prajwal, 
Pratiksha Gowda, 
Aryan Chaudhary, 
Sushma Gowda",9.1
10067,tt11108022,End Zone 2,"Fifteen years after the events of End Zone, Smash-Mouth is back to finish off the cheerleaders who killed his mother.",August Kane,"Backwoods Bob, 
Randall Browning, 
Dahlia Dimont, 
Patricia Ford",8.3
10119,tt4050462,World of Death,Death has no borders.,"Allan Harvey, 
Brian Lockyer, 
Steven Payne, 
K. Pervaiz, 
Ruben Rodriguez, 
Richard S. Sargent, 
Daniel Tripod, 
Doug Turner, 
Chris Wells, 
Steven Bray, 
Ferran Brooks, 
J.D. Brown, 
Dimitri Castiglioni, 
Satinder Chumber, 
Melanie Coleman, 
David M. Dawson, 
Curt Dennis, 
Kate Fagan, 
Dan Fisk, 
Shane Free, 
L.M. Harter, 
William Higo, 
A Normale Jef, 
Gus Krieger, 
Michael Kyne, 
Patrick Langille, 
Evan Marlowe, 
Maude Michaud, 
Steven Hugh Nelson, 
Thom Newell, 
James Raynor, 
Patrick Rea, 
Gavin Rye, 
Liz Salvato, 
Pedro Santasmarinas, 
Mark Scheetz, 
Craig Stewart, 
John Stewart, 
Ray Sullivan, 
Jason Wright, 
Rubel Rafael Ahmed, 
Frank Appache, 
Zeke Arredondo, 
Mark J. Blackman, 
David Bornstein, 
Norman Bosse-Platière, 
Louis Bottino, 
Bobby Browne, 
Bo! Campbell, 
Paul Campion, 
Félix Catala, 
James Chappell, 
Jeff Chitty, 
Josh Cook, 
Trevor Davies, 
Adrian G. de la Peña, 
Victor Druillet, 
Jay Wade Edwards, 
N. Andrew Elliot, 
James Farris, 
Matt Groves, 
Rosco Guerrero, 
Graham Hart, 
Chris Hebert, 
Brandon Hunt, 
Patrick Irving, 
Ryan Henry Knight, 
M.J. Koleszar, 
José Pedro Lopes, 
Dominic Mendez, 
Peter Murfet, 
Corey Norman, 
Lex Ortega, 
Craig Ouellette, 
David Royal, 
Shane Ryan-Reid, 
Rob Sales, 
Gav Chuckie Steel, 
Matt Stuertz, 
Timothy Thomas, 
Oliver Tietgen, 
R.J. Wilson, 
Jordan Wippell, 
Travis Zariwny","Brandon Hunt, 
Morgan Finley King, 
Jeremy Koerner, 
Clayton Traylor",8.1
10177,tt13408266,Secret Shadow,"27 year old twin brothers Nathan and Robert live together. After admitting Nathan walked into the woods of danger, things get spooky when Nathan mentions statues appearing, bikes getting ...                See full summary »",Kilotile,"Kilotile, 
Megan Langlois",8.2
10233,tt22171470,Septic,"A young couple who has been trying desperately to have a baby seek an alternative solution to their problem. Unable to afford regular surgery, they agree to have their unorthodox procedure ...                See full summary »",Brian Paulin,"Morgan Desautel, 
Chris Kinniery, 
Brian Paulin, 
Steve Savage",8.0
10288,tt10845704,Mang Kepweng: The Mystery of the Black Scarf,"Determined to save the world from the evil plans of a powerful ""engkanto"" who has the magical black bandana, Mang Kepweng, together with his friends, embarks on an exciting adventure to ...                See full summary »",Topel Lee,"Vhong Navarro, 
Jaclyn Jose, 
Joross Gamboa, 
Barbie Imperial",8.2
10335,tt11147976,The Horn,"Professor Thompson commits murder after the chaos that occurred due to marriage. Kevin, an 8 month old who's left alone at the end, returns home after 57 years, as an elderly sex offender. ...                See full summary »",Sameera Wackwella,"Kalhara Wakwella, 
Teena Shanell Fernando, 
Dananjaya Siriwardana, 
Christien Gunawardana",8.3
10344,tt18251794,A Good Son,A comical horror movie about a commotion that happened after the sons decide to fulfill their filial duties to their mother who returned as a zombie shortly after her funeral.,Lee Hoon-guk,"Lee Gi-Moon, 
Lee Gwan-ho, 
Lee Gwang-soo, 
Lee Hyun-Woong",8.7
10365,tt2368905,Heavy Makeup,"After a series of brutal murders occur in their quiet Hollywood neighborhood, two women search for clues to uncover the identity of a serial killer who is targeting struggling young actresses.",Chris Morrissey,"Share Cherrie, 
Juli Kreko, 
Whitney Quinlan, 
Gia Franzia",9.6
10446,tt7556244,Grinders,"Two brothers, One a Butcher and one a Lawn service provider. Lawn service with an edge. A small town in Georgia has several of its towns people dissapear.",Andrew Heller,"Andrew Heller, 
Bridgett Riley, 
Katie Payne, 
DJ Lorence",8.8
10448,tt12829654,The Zompocalypse Therapy Sessions,An anxious therapist and her awkward clients wrestle to overcome personal issues and zombies.,Blaze Lovejoy,"Blaze Lovejoy, 
Clark Moore, 
Matthew M Garcia, 
Amy Lyndon",8.0
10552,tt22973154,He Comes to Kill,Stanley Elk has escaped the mental asylum and is on his way into town with one intention...He Comes to Kill,August Anthony Aguilar,"Blake Best, 
Celeste Blandon, 
Joe Casterline, 
William Kyzer Cooper",8.8
10616,tt21283792,Topless Tori's Tomb of Terror,"An anthology tribute to late night horror host shows featuring shot-on-video short films from three independent filmmakers, as well as mock commercials, commentary tracks and more.","Tony Masiello, 
Joshua Coughlin, 
Dean Houlihan, 
Steven Haar, 
Gabriel Jewett","Steven Haar, 
Dean Houlihan, 
Richard Houlihan, 
Cody Tudor",9.1
10745,tt17500254,The Reaper Man,A grieving wife summons a dark spirit with an insatiable desire for revenge.,Jaron Lockridge,"Brandon Russell, 
Tarsha Gibson, 
K.J. Baker, 
Kenon Walker",8.1
10952,tt15090702,Nikocado Avocado & Orlin Home - The Movie,"Nick, shirtless, approaches Orlin, eating a heaping amount of McChickens. ""What a hot bod."" ""Eat me like you eat that McChicken""",Nikocado Avocado,"Nikocado Avocado, 
Orlin Home, 
Danielle Woodman",8.1
11023,tt6143060,La otra magia,In the depths of the city of Buenos Aires there is a strange house where ceremonies and rituals full of occult elements are performed.,Leandro Bartoletti,"José Luis Parada Sabio, 
Sofía Libertad Pugliese, 
Christian Bronstein, 
Medusa Gabriela Fernández",9.4
11038,tt5254458,The Belly of the Beast,"In 2008, 12 Disciples of Satan are released upon the earth, to do battle with 12 Disciples of direct descendants of the Apostles.",Corbin Timbrook,"Jim Fitzpatrick, 
Jodi Knotts, 
David Gail, 
John Castellanos",9.0
11242,tt0473565,Without Mercy,"After terrorizing the people of Nodaway County and repeatedly escaping justice for years, the town bully finally meets his demise at the hands of the townspeople of Skidmore, Missouri. ...                See full summary »",Ralph Server,"Bob Burghardt, 
Coleen Callahan, 
Elize Caraballo, 
Sara Fineran",8.0
11299,tt4228378,Shhh!,"A film crew arrives at a village and is soon haunted by supernatural beings, during their shoot of a horror movie.",Upendra,"Kumar Govind, 
Kashinath, 
Suresh Heblikar, 
Megha",8.7
11345,tt21477440,Gumnaam Ek Thriller Night,It's a story of ketan and Anu who go to a haunted jungle with their friends and lost in it. They meet Mahesh in the jungle who came to search for his brother and all started searching for ...                See full summary »,Ketan Pendse,"Ketan Pendse, 
Anushree, 
Sanskruti Balgude, 
Elena Kazan",8.8
11398,tt14773536,Pakistani Chainsaw: A Love Story,"Haunted by the nightmares of abused children, a young American woman, Rony goes to Pakistan to investigate Child Labor. When she is captured by a child slaver in Death Valley, her handsome Pakistani guide, Ben Hur tries to save her.",Hassan Zee,"Meerab Awan, 
Ali Raza, 
Saeed Parwana, 
Ghias Mastana",8.5
11406,tt2572042,Blood Drive: The Movie,Isabella is a writer for an internet magazine called 'Blood Drive' which specializes in the supernatural-horror-vampire genre of scary stories. Her 'writing office' is the local bar where ...                See full summary »,Sophia Robbins,"Sophia Robbins, 
Archer King, 
Liane Wunderlich, 
Mike Roche",8.2
11457,tt21062614,Tales from Middleton High,A collection of terrifying tales from America's most haunted school - Middleton High.,Zach Lorkiewicz,"Sarah J. Bartholomew, 
Lauren Elyse Buckley, 
Avril Dominguez, 
Anastasia Katarina",8.2
11704,tt1553086,Muttnik,"Samuel, a serial killer and the feral boy-dog Muttnik hunt down and kill people that abuse and murder animals. When a runaway teenage brother and sister, and an escaped convict and his ...                See full summary »",William Szarka,"Ryan Berkun, 
Bobby Catrini, 
Jeremy Fernandez, 
Britta Gigliotti",9.5
11724,tt21418328,Apocalypse Unknown,"A young man is abandoned by his family, and must navigate his way through a brand new, dangerous world.",Tristan Winchester,"Jeffery Beaudette, 
Lynn Beaudette, 
Quinn Conley, 
Justin Regis",8.3
11730,tt25730388,The Lies of Our Confines,Two youth leaders take a group of Black males on an excursion to the great outdoors to give them a new perspective on life. But things take a sinister turn when one of them stumbles across a possessed corn doll housing a vengeful spirit.,Leon Oldstrong,"Tobi King Bakare, 
Enrique Borico, 
Braulio Chimbembe, 
Harrison Daniels",8.4
11734,tt22184520,Deer Camp '86,"In the fall of 1986, six knuckleheads from Detroit travel north to partake in the annual tradition of deer hunting. But something horrific has been awakened and the hunters become the hunted.",L. Van Dyke Siboutszen,"Noah LaLonde, 
Jay J. Bidwell, 
Arthur Cartwright, 
Brian Michael Raetz",9.2
11763,tt18332884,Black Dog,"A low budget filmmaker is checking his latest footage/rushes, but soon realizes he needs more actresses for his latest production. A crazy film, totally surreal look at the inside of his ...                See full summary »",Paul T.T. Easter,"Sophia R. Dee, 
Paul T.T. Easter, 
Wayne Philips, 
June Wester",8.6
11807,tt12593058,Guiltless,"When 16-year old Samantha has the house to herself over the weekend, she plans a romantic night for her and her girlfriend. However, when an intruder makes his way into her home, it's fight or flight on a night that will change her life.",Kevin Schultz,"Alison Thornton, 
Alex Zahara, 
Mya Lowe, 
Harrison Houde",8.0
11822,tt12804904,Self Isolated,"After awakening from a coma, a woman searches for clues into her missing husband's disappearance.",Chad Ridgely,"Chad Ridgely, 
Maggi Mayfield, 
Doug Burch, 
Rachel Alig",8.8
11885,tt21627952,December 24,Finding Medicine for Breathing issues that newborn baby's facing in some parts of the state of karnataka due to some environmental problems.,Nagaraj 'MG' Gowda,"Appu Badiger, 
Rakesh Bhoumik, 
Jagadeesha H G Doddi, 
Rishad Mahmud",9.7
11915,tt7232940,Herobrine Origins: The Movie,Will Steve learn to control his powers? Or will he kill everyone in the world?,Will Evans,"Dane Dimension, 
Paul Hikari, 
Paul Giannotta, 
Mavis",8.0
12150,tt11143304,Moksha,Moksha is a suspense thriller revolving around a sinister masked man and the mystery around his identity. Who is this Mask-Man? and what he is going to do? lies the crux of the film. With a...                See full summary »,Samarth Naik,"Mohan Dhanraj, 
Thaarak Ponnappa, 
Aradhya Laxman, 
Bhoomi Agnani",9.3
12202,tt4565982,Toxin: 700 Days Left on Earth,"Seven hundred days after U.S. President Austin (Lee Majors) announces a new, rapidly spreading virus, a resulting plague has killed most of humanity and transformed the rest into mutants. ...                See full summary »",Shawn Welling,"Lee Majors, 
Isabella Blake-Thomas, 
Sarati, 
Nick W. Nicholson",9.0
12210,tt1339248,Aapthamitra,"Ramesh and Ganga, a married couple, buy a palatial house, which is home to a vengeful spirit. When Ganga accidentally sets the spirit free, mysterious incidents start taking place in their household.",P. Vasu,"Vishnuvardhan, 
Soundarya, 
Ramesh Aravind, 
Prema",8.3
12224,tt10364336,Spirit Animal,"A group of twenty-something year old's rent a cabin for New Years weekend, ready to party. Little do they know a blood thirsty killer stalks these woods, named Arrav Niktomi. He has many ...                See full summary »",Madeline Deering,"Roxie Balboa, 
Madeline Deering, 
Tim Gross, 
Tom Gross",8.0
12533,tt13044858,My Cherry Pie,"On the run, three criminals find themselves holed up at a notorious old hospital that happens to be the hunting ground of a masked killer.","Addison Heath, 
Jasmine Jakupi","Shawn C. Phillips, 
Ella Bourne, 
Sotiris Tzelios, 
Cris Cochrane",8.4
12663,tt13491170,Curse of the Werehuahua,"Dustin and Gary are forced to navigate their way through a modern myth when Dustin is bitten by a radioactive chihuahua. Once a curse takes hold of Dustin, he and Gary are forced to run for their lives from the monster slayer, Van Helsing.",Lucas Millhouse,"J.R. Timothy, 
Lucas Millhouse, 
Brittany Shamy, 
Bakir Mehinovic",8.6
12671,tt21340594,The Children Under the House,"Julia Luu, a child therapist, finds that a young girl's imaginary friends might be more than they seem.",Paul Catalanotto,"Everly Catalanotto, 
Mary Nguyen Catalanotto",8.8
12672,tt5770546,Teniente Gimo,Teniente Gimo is a famous urban legend and an infamous character in Ilonggo folk literature in Western Visayas whose colorful yet tragic life had been the subject of speculation and ...                See full summary »,Roland Sanchez,"John Regala, 
Kate Brios, 
Julio Diaz, 
Mon Confiado",8.5
12760,tt1621939,Shards of Glass,Death disguised as a woman leading a suicide cult tries to influence people to die by their own hand.,Lisandro Boccacci,"Lisandro Boccacci, 
Mariah Harnish, 
Josh C. Jones, 
Jim Runyan",9.4
12984,tt0976146,Martyr,"An Innocent Man, Condemned by God, Persecuted for His Faith. Martyr is a controversial horror story based on the Book of Job from The Old Testament.",Shaun Troke,"Tony Bowden, 
Christopher Dane, 
Jason L. Davis, 
Trey Farley",8.9
13289,tt13775060,LEGO SCP Foundation: Containment Lockdown,A Test Subject and a questionable sidekick escape a dangerous laboratory in order to get to the free world.,Starwarsstudio100,"Ceh Arseniy, 
Cme Ax, 
Blandeer, 
Gold Brick",8.0
13341,tt14188996,Repulse,A dark drama starring an unexpectedly maniacal Stepán Kozub and an unstable heroine played by Pavla Gajdosíková.,Emil Krizka,"Pavla Gajdosíková, 
Stepán Kozub, 
Petr Panzenberger, 
Alena Sasínová-Polarczyk",9.2
13375,tt11880904,Isha,"The ghost of Isha, who was murdered by a few powerful men, possesses the body of a girl in a family that moves to a hill station bungalow. Isha is out there to take vengeance.",Jose Thomas,"Margret Antony, 
Kishore Satya, 
Abhishek Vinod",8.1
13479,tt1796580,Orr Eravuu,A Paranormal Investigator's one night experience of his 19th and last case in a haunted house at Munnar.,"Haresh Narayan, 
Krishna Sekhar, 
K. Hari Shankar","Sathish G., 
Asha, 
Vani Bhojan, 
Anand Chandrasekar",8.2
13519,tt9221802,Seton Falls Park,He lurks deep in Seton Falls Park. Waiting to chop off body parts to consume. His name is Mr. Wiggly... And these are his Woods.,Mike Benz,"Mike Benz, 
Johnny Careccia, 
Jeff Knite, 
Matlok",8.7
13552,tt2231480,Dylan Dog: Il trillo del diavolo,"""My name is Dylan Dog, I'm a nightmare inquiring, but lately I'm a failed ..."" so begins the new adventure of the beloved Old Boy, now exhausted and tormented by strange nightmares for ...                See full summary »",Roberto D'Antona,"Roberto D'Antona, 
Francesco Emulo, 
Michele Friuli, 
Barbara De Florio",8.2
13635,tt7008038,Entrenchment,"When a killer creates a website giving the coordinates for where he's buried the bodies of his victims, it entices a group of college students in checking it out - and becoming his next victims.",Deven Parrish,"Tyler Mane, 
Deven Parrish, 
Spencer Wagner, 
Michaela Maxwell",8.2
13671,tt24069594,Pasivadi Pranam,"In a twisted world, a husband kills his wife by accident and buries her in the backyard. His life becomes miserable when his house becomes haunted.",N.S. Murthy,"Allu Vamsi, 
Iti Acharya, 
Kumar Sai, 
Rubina",8.4
13839,tt15341464,Kalkokkho,"At 6 am on June 21, a doctor in the frontlines of the COVID-19 pandemic meets a woman clad in a protective suit during his morning jog. After ignoring the woman's pleas to see a patient at ...                See full summary »","Sarmistha Maiti, 
Rajdeep Paul","Tannistha Biswas, 
Janardan Ghosh, 
Ahana Karmakar, 
Sreelekha Mukherji",8.6
13889,tt15521168,Jack Hunter's Blamed,"Wrongly accused man fights to clear his name and uncover the real killer, as 'Damaged' streams it live on dark web in BLAMED.","Dann Eudy, 
Jack Hunter II, 
Jeff Roberts","Rin Bandy, 
Marvincito Parada Blanco, 
Joshua Blood, 
Logan Blood",8.1
13913,tt18566948,Hell Van,"Enthralled by his demon-possessed van, a volunteer firefighter opens the gates of Hell as a dying town is powerless to stop him.",Jorge Delarosa,"Justin Cash, 
John Catheline, 
Marvin Conner, 
Jorge Delarosa",8.2
13919,tt13671168,Blue Sunset,"Blue Sunset is the first Italian Cyberpunk film of the new millennium, a colorful cyberpunk story that evokes the glorious sci-fi visuals of the 80s, without neglecting the nihilism typical of the genre.",Domiziano Cristopharo,"Daniele Arturi, 
Irene Baruffetti, 
Antonio Ciro Cerreta, 
Alessio Cherubini",8.4
14043,tt2573870,Locked,"A high school teen works at a mental hospital and hears, from a patient, of a mysterious lake house. He invites his other high school friends to party at the house. Things go from bad to ...                See full summary »",Eddie Lee Henderson,"Ruthie Austin, 
Trevor Ayala, 
Thomas Graham, 
Cameron Inman",8.0
14089,tt13308864,Children of the Pines,A thriller anthology series featuring melodramatic stories tied to horrific consequences that could only be drawn up by the cosmos themselves.,Joshua Morgan,"Danielle J. Bowman, 
Sylvie Mohr, 
Kelly Tappan, 
Vivian Hunter",8.3
14218,tt13459736,Fantasy,"The story set in the backdrop of madikeri , The vindictive game of cat and mouse between akhil and Jennifer which ultimately blurs the line between fantasy and the reality in mind of the observer and the observed",Pavan Kumar .R.,"Priyanka Shivanna, 
Gaurish Akki, 
Balarajwadi, 
Harinishreekanth",8.3
14219,tt4157484,Bacao,A woman eager to have children consults a faith healer and is driven to extreme lengths to get to the bottom of her apparent infertility.,Edgardo Vinarao,"Michelle Madrigal, 
Arnold Reyes, 
Alvin Anson, 
Marife Necesito",8.0
14279,tt2875968,Skid Row,"When a prostitute and a junkie are viciously murdered, homicide detectives Ross (Stallone) and Lynch (Babushkina) are sent in to investigate. But as the death tole and pressure rises they ...                See full summary »",Michael Shershenovich,"Irina Babushkina, 
Geretta Geretta, 
Frank M. Stallone, 
Schooly-D",8.6
14438,tt0963947,Sacred Game,"SACRED GAME is the moment between life and death. In the midst of fleshing out his latest screenplay, Daniel decides on leaving his wife and infant son to escape for a weekend hunting ...                See full summary »",Bernardo Chilindron,"Nelson Vasquez, 
Marlyn Matias, 
Angel Ramirez Jr., 
José Alvarez",8.4
14493,tt4596064,Cannibillies,"'Tis the season for the Harvest of the Black Moon. The Iscariot family has chosen three people to be the souls to harvest for their holiday feast. According to cannibal customs, the three ...                See full summary »",Jeremy Allen,"Jami Cullen, 
Mike Neider, 
Gina Heartless, 
Adam Rodgers",9.4
14507,tt3816908,Inimigo Desconhecido: Enemy Unknown,"A group of mercenaries, goes on a rescue mission to save a group of soldiers in enemy lines, but when they get there, they find something never seen before, now they must join forces to survive this hellish nightmare.",Rui Constantino,"Rui Constantino, 
Robinson Cohen, 
Jeremiah Gun, 
Caleb Angel",8.1
14515,tt8324754,An American Ghost Tail,Two teenage girls Janie Hell Water and Victoria Lively (Chloe Klitus / Preslee Tucker) find themselves trapped in the afterlife by the presence of an old Indian ritual. When their killer ...                See full summary »,Shawn Welling,"Chloe Klitus, 
Preslee Tucker, 
Jen Barbeito, 
Duncan Johnson",8.2
14566,tt5870952,Raw Trip,"Two foreigners decide to take a trip. On the way, they come across a Sheriff. The terror begins.",Antonis Mandranis,"Spyros Fokas, 
Konstantina Focas, 
Kris Sinioras, 
Spyros Bibilas",8.1
14621,tt13962396,Bedridden,"Bedridden tells the story of Teri, a weary widow, facing the painful task of rebuilding her life as a single mother, following a traumatic encounter with an armed assailant. When her worst ...                See full summary »",Dakota,"Elizabeth Elise Gonzalez, 
Jose Angel Herrera, 
Hector Dez, 
Raquel Gomez",8.6
14760,tt7319494,Vettai Karuppar Ayya,Tamil and Sargent Kumar saving a family from a shaman (Tinaya). Both of them faced lots of hassles and danger while protecting them.,Amigoz Sugu,"Gk, 
Alagaendra, 
Sam, 
Nanba Vijay",8.3
14992,tt4396722,Like Lambs,"When economic Apocalypse strikes America, students at the elite Hopkins House Academy take matters into their own hands by launching an anarchist plot to halt the collapse and save the country.",Ted Marcus,"Liam Aiken, 
Ted Marcus, 
Justin Chon, 
Connor Paolo",8.0
15050,tt3118072,Laurence,A young photographer fears he's being haunted by a vengeful spirit.,"Stephen Kellam, 
Richard D. Endacott","Javier Perez, 
Max Rosenak, 
Connor Moore, 
Sean Donovan",8.7
15091,tt0296898,Titus Andronicus,A modern telling of William Shakespeare's darkest drama set against the backdrop of a corporate Rome.,Richard Griffin,"Nigel Gore, 
Zoya Pierson, 
John Capalbo, 
Chris Perrotti",8.1
15161,tt0393061,At Night with No Curtains,Five teenagers set out to explore the grisly legend of a local plantation home.,Ian Hayes Brett,"Marcus M'teo, 
Sterlin Lake, 
Parker Britt, 
April Hope Smith",8.1
15164,tt2431128,House Call,"When 16-year-old Mariam's little brother Vince falls ill on her watch, she calls their family doctor to make a house call. But when the doctor ends up dead, nothing prepares the children ...                See full summary »","Shannon Casto, 
Michelle Henderson, 
Parrish Randall","Chi, 
Bill Dubois, 
Roger Dunn, 
Alison Esparza",9.2
15171,tt10755752,Garo: Under the Moonbow,"After the events of Lament of the Dark Dragon, Kouga and Kaoru married and started a family. Kaoru gave birth to the successor of Garo: Raiga Saejima. Unknown to everyone, Raiga's birth ...                See full summary »",Keita Amemiya,"Mika Hijii, 
Yukijirô Hotaru, 
Natsumi Ishibashi, 
Ryosei Konishi",8.0
15198,tt16383300,181,"An aspiring film director along with his wife goes to a resort to write a story. When he begins writing the story, some paranormal force prevents him from penning the story. What is the mystic force? Can he saves himself and his wife?",Mohamad Issack,"Gemini Ryker, 
Reena Krishnan, 
Vijay Chanduru, 
Adharsh",8.5
15330,tt0297411,The Stoneman,It all starts with the discovery of a mysterious mummy. Dr. Stevens brings the suspected missing-link's remains back to the United States. Soon the creature's body turns up missing and people are suddenly being brutally murdered.,Ewing Miles Brown,"Pat Morita, 
Christopher Atkins, 
Robin Riker, 
Ron Masak",8.3
15410,tt5544722,Trinity,"A man accidentally bumps into the priest who abused him when he was a child at a local coffeeshop, sending him on a twisted journey through his past.",Skip Shea,"Sean Carmichael, 
David Graziano, 
Anthony Ambrosino, 
Mary-Pat Bailey",8.6
15509,tt8541250,Aparichita,"Prakash, a story writer, goes to a mysterious village to find his missing business partner. However, things take a turn for the worse after he learns that his partner has been murdered.",Kashinath,"Suresh Heblikar, 
Shubha, 
M.V. Vasudeva Rao, 
Mohan",8.1
15535,tt13826620,The Truth,"After the mysterious death of a young man his autopsy reveals a jump drive in his stomach. It contained footage that goes back six months before his death and was title ""The Truth.""",Luykis Wamhoff,"Luykis Wamhoff, 
Patty Wamhoff, 
Lucky, 
Joseph Patrick",8.1
15574,tt17134922,Padmashri,"Arriving in Hyderabad, the four boys succeeded in carrying out the tasks entrusted to them. But they are in the same hostel where Dr. Padmashree committed suicide after losing her husband and children at the same time. Will they survive?",Patnaik,"Jyothi, 
Kishorkumar, 
Patnaik, 
Dr. Praveen",8.3
15662,tt1881071,The Devil's Whispers,"Maric Drogovski has lived with guilt for over a year. But when the time comes to face up to what he has done, he not only makes things worse, he throws himself into another realm without any hope of redemption.",David Izatt,"Nicholas Gunn, 
Lachlan Jeffrey, 
David Izatt, 
Jessica Pekin",9.2
15727,tt0472039,All Is Normal,"Janet (Brafa), a college drop-out who finds herself in a disturbing mixture of isolation, confusion, and murder when she takes a job as a house-sitter in an Appalachian mountain home to escape from her sadistic boyfriend.","Todd G. Bieber, 
Juliana Brafa","Linda Blair, 
Juliana Brafa, 
Kyle Brosius, 
Greg Burgess",8.2
15796,tt11962916,Blood Mixed,Our hero is cursed with immortality and the ability to see the dead. His only cure is to find the living descendants of his former slave master for answers.,Mahaliel Bethea,"Khalil Abdullah, 
Bondari Ana, 
Abdul Aziz, 
Michael Damian Bailey",8.1
15900,tt17522042,Aghora,Death is inevitable and no one ever knows how or when it will happen. Here are four people who are caught up in fate and are looking for. Will they cheat death?,N.S. Pramod Raj,"Avinash, 
Rachana Dashrath, 
Gowda Punith, 
Ashok Sharma",8.3
15924,tt8764084,Mandao Returns,"Jay Mandao returns. Christmas is in the air as Jay astral projects back in time to prevent the death of a B-movie star. However, the more Jay and his friends mess with time, the deadlier Christmas becomes.",Scott Dunn,"Jenny Lorenzo, 
Alexandre Chen, 
Jim O'Doherty, 
Scott Dunn",8.0
15933,tt22165974,Zombies in the Antique Shop,The Egos discover an unaired Halloween Special and try to play it but the DVD player inside the PS4 isn't working properly. A comedic horror anthology is unleashed instead.,"Kimberly DiPersia, 
Alex R. Wagner","Kimberly DiPersia, 
Marc Lucia, 
Brittany Bayley, 
Jennifer Kalison",8.5
15941,tt3650720,Legacy,"Fifteen years after a horrific incident causes Mary to sever ties with her mother, her homecoming proves that some bloodlines can't be cut.",Rachel C. Wilson,"Emily Belknap, 
Doug Goodrich, 
Keavy Bradley, 
Bryant Belknap",8.6
15948,tt23865064,Metamorphosis,Researchers become trapped in their facility when a mutant T-Rex escapes from its cage. Unable to defend themselves from the creature they turn to other mutant animals in order to escape being eaten.,Chen Liang Yan,"Shuang Gao, 
Sun Jia Qi, 
Ruiqi Sun, 
Wang Xing-Chen",8.6
16153,tt2297067,Winter's Kill,"Without electricity, gas, and food only in short supply, six groups of survivors must battle themselves and others in an attempt to prepare for the upcoming winter.","Dylan J. Freedman, 
Ryan L. Johnson","Dylan J. Freedman, 
Don Hill, 
Riley Gustafson, 
Paul Schermerhorn",8.4
16197,tt15085276,A Curious Tale,A musician takes time out to do some archeology and seeks out the hiding place along the Sussex coast of a lost fabled crown that supposedly helps protect Great Britain against invasion.,Leigh Tarrant,"Paul Brandis, 
Amanda Dann, 
Pam Grigg, 
Victor Grigg",8.5
16199,tt2379727,Bukunja Tekunja Mitti: The Cannibals,It's an action packed movie,Nabwana I.G.G.,"Andrew Wagaba, 
Nakatudde Madinah, 
Kigozi Juma, 
Sserunya Ernest",9.2
16226,tt6180656,The Trap,"A student with the help of a friend in order to pass a psychology exam project for University, they meet up with a woman who can be useful but face the consequences.",Kris Sinioras,"Eleni Gerasimidou, 
Ioanna Sfakianaki, 
Kris Sinioras",8.1
16294,tt6039316,Oscuro by Rene Potter,"Sofia and her sister move to the city where their dead parents grew up, when Sofia tries to make a party on Halloween night, people from a pagan cult ruin the night by trying to kill her, ...                See full summary »",René Guajardo Vessi,"René Guajardo Vessi, 
Diana Guajardo, 
Paulina Zuñiga, 
Jorge Ayala",8.6
16336,tt6669424,Playing Cards,"A young woman is torn between her past self, Laura, and the woman she has become, Vivian, when her sadistic family threatens to destroy her only chance at a future.",Stuart G. Robertson,"Rachel Adler, 
Nathan Callens, 
John Fort, 
Jayme Kalino",8.0
16625,tt4824378,Vere Vazhi Ille,"Surya is an easygoing laidback guy who constantly switches jobs. One day, he accepts a job from his former employer at a security agency, who offers him RM3,000 for a 2-day and 1-night job ...                See full summary »",M.S. Prem Nath,"Janani Balu, 
Farah Hanim, 
Denes Kumar, 
Alvin Martin",8.1
16661,tt5933040,The Composer,The Composer - a dark Parody about a kidnap that goes wrong.,Alon Newman,"Debbie Levin, 
Josh Sagie, 
Naor Vaturi, 
Mohamed Naama",8.5
16697,tt13729584,Virus,A curse happened to hamza after meeting a college student and started to hunt all of his friends.,Usama Omar,"Martina Adel, 
Tamer El Kady, 
Sherif Elsalamony, 
Maha Abou Ouf",8.4
16863,tt8456398,American Barbarian,"Following the election of Donald Trump, a young Chicago woman embarks on a desperate journey as she struggles to maintain her sanity.",Paul L. Carr,"Zoe Pike, 
Zarinah Ali, 
Christian J.J. Anderson, 
Jeremy Campbell",8.8
17064,tt2205625,Soul Walker,"Un cazador de fantasmas acepta ayudar a la policía a resolver un caso de asesinato, y descubre que su cámara de vídeo le permite ver en otra dimensión, donde los muertos no descansan en paz.",Jean Dubois Morfin,"Seth Michaels, 
Alexa Castillo, 
Roger Cudney, 
Juan Antonio Edwards",8.0
17092,tt15403536,The Unintended Sequel,"Five former college friends are stalked one-by-one by a merciless, crazed maniac who is obsessed with making a sequel to their student film.",Donovan Farrow,"Terrance Craft, 
Donovan Farrow, 
Jamie Kostelac, 
Isaac McCay",8.2
17198,tt5901606,Afterthought,"After Ben Sawyer's best friend commits suicide, his life quickly spirals out of control as chunks of time vanish from his memory and dark figures stalk him around every corner.",Nathan Airhart,"Michael Fraser, 
Sophie Mitchem, 
Jarahme Pollock, 
Kelsey Rodriguez",9.0
17208,tt14787448,Director,A film director meets with an accident and his life takes a major turn. What happened before and after the accident and what he is seeing which no one can see.,"Karthik Krishna, 
Kiran Ponnada","Aishwarya Raj Bhakuni, 
Ashish Gandhi, 
Shiva Karthik, 
Antra Raut",8.7
17226,tt4076950,Eve's Demons,Something strange is going on in the suburbs of Lattermill. Is Eve McCallister being stalked by a loner called Charlie Rosewood or is there a more reasonable explanation? Who's living in ...                See full summary »,Paul Trigwell,"Sara Raso, 
Adam Bielak, 
Dick Douglass, 
Cara Fraser",8.8
17280,tt5951250,Hamlin,Felix tackles his inherited expectancy of musical talent while his love life and friendships crash around him after he finds a flute which possesses him.,Rachel Brogan,"Billy Gunnion, 
Gemma Paige North, 
Shannon Lavelle, 
Peter Rylands",8.6
17458,tt6524276,Billy's Got a Bad Brain,Billy's got a bad brain - and he's not afraid to use it.,Tony Gaud,"Marvin LaViolette, 
Jennifer Ashley Snow, 
Helen Keaney, 
John Jacobs",8.2
17566,tt12451380,Chhupam Chhaai,"In a small town in the heart of India, six teenage friends who secretly run ""Friends Private Detective Agency,"" encounter their most challenging case; a murder mystery.",Pratik Mittal,"Akshat Jain, 
Sanket Chauhan, 
Anshu Khatri, 
Purva Bhawsar",8.5
17567,tt12842808,Rumah Pasung,"Ryan, Sultan and Mayang are the crew for the tv program. One day Ryan has to attend the funeral of his biological father. Ryan's parents unmask Ryan's past. Ryan is adopted son. Ryan's father left a house for him.",Nayato Fio Nuala,"Wafda Saifan Lubis, 
Kenny Mayang Sari, 
Stefan William, 
Natasha Wilona",8.7
17857,tt12211638,Kathah Vichitrah,"Sana, a young girl, about to be married to Karan, a businessman. One night, when Sana is home alone, she feels the presence of a supernatural power around her. The story takes a twist when ...                See full summary »",Anup Antony,"Harry Correa, 
Sri Harshavardhan, 
Anu Poovamma",8.1
17882,tt17158438,Presa Nocturna,"A Murderer named ""The Umbrella Man"" starts killing one person per night in a town called ""Jalos"" A Detective must stop this nightmare next to the Commander of the town, who nobody trusts.",Miguel Angel Pérez,"Miguel Angel Ramírez, 
Anthony Jiménez, 
Cecilia Suárez, 
Aalan Kingnbear",9.4
17883,tt2346094,Girls on a Boat,"Girls On A Boat is a feature film about four female dancers embarking on a spooky vacation. Miss Red's new boyfriend, Jerry Finklestein, invites her and her three friends to the famous Boat...                See full summary »",Vio Rafael,"Theo Crisell, 
Liana Delmar, 
Sarah Hummert, 
Sophie Mazzaro",9.5
17912,tt20848732,Unknown Strangers,A cannibalistic serial killer adapts to life in the zombie apocalypse.,Chris Pinkston,"Marcus Allen, 
Jacques Bridges, 
Tina DeNerring, 
Patricia Flanagan",8.4
18008,tt1479220,E.T. is Estong Tutong,Estong (Chiquito) was living a simple life when Teresa (Pia Moran) came. Teresa under his custody was at first easy until the reality about her true identity drove both of them to a world ...                See full summary »,Angel Labra,"Chiquito, 
Pia Moran, 
Anna Marin, 
Paquito Diaz",8.1
18051,tt4282670,Feast,A group of savage cannibal brothers must change their survival plan when one of their victims turns out to be smarter than they are.,"Timothy Van Mieghem, 
Nathan Waters","Shannon Brown, 
Ricky Lee Barnes, 
Chris Van Mieghem, 
Devon Carson",8.1
18063,tt11436686,St. Patrick's Day,Wearing green won't save you in this throwback to slasher films of the 1980s.,Jared Campbell,"Sky Brady, 
John Felix, 
Raven Stone, 
Isaac Yarborough",8.6
18136,tt5644498,At the End of the Tunnel,"After a near death experience, a man becomes a born again Christian; when he wants to sell a memoir based on his rebirth, an ex girlfriend threatens to expose a damning secret; he must decide to take action, or just pray she doesn't tell.",Claire Wasmund,"Fernando Noor, 
Katelyn Causey, 
Bill Watterson, 
Crystal Porter Bazemore",8.0
18263,tt4270046,The Crocodile,"After a series of deadly crocodile attacks, a farmer decides to become a crocodile hunter.",Mao Ayom,"Dy Saveth, 
Sam Solika, 
Preap Sovath",8.1
18394,tt1671536,666: The Beginning of the End,"Father Michele Stivoli, an Italian catholic priest on a journey of confusion, pain and terror which leads him on a collision course with the Antichrist himself.",Alexa Makky,"Federico Dordei, 
Steve Wilcox, 
Gabriela Sosa, 
Claudia Garcia",8.8
18407,tt0467114,Valentina,THE SERPENT-HAIRED VIXEN SOWS FEAR AND TERROR AMONG THE TOWNSPEOPLE AND CITE DWELLERS ALIKE.,Santiago Garcia,"Melissa Perez, 
Luis Gonzales, 
Marita Zobel, 
Dexter Doria",8.7
18505,tt2410638,Anima Sola,"The film is based in the Saint Anima Sola, Lonely Soul, present in several gospels of Christianity. Anima Sola represents the souls in purgatory that require the assistance of both the ...                See full summary »",Roberto Jabor,"Luana Arah, 
Isabela Bittar, 
Gabriel Canella, 
Leandro Caris",8.2
18567,tt4992238,Innocent Prayer,A little girl who is tortured by her parents follow the footstep of a serilal killer to run away from her reality.,Tôru Kamei,B.B. Gorô,8.8
18630,tt2673726,An Inappropriate Affect,"The new patient at Elm County Hospital is something of a celebrity. He wants out, but his mental health, or lack thereof - is an investment.",Russ Martin,"Mike Duff, 
Ariel Pacheco, 
Christian Rozakis, 
Sal Rendino",8.8
18642,tt6809132,The Abandoned II,"Gamal AbuElhassan disappears in an abandoned palace by abnormal forces, his brother try to find him with the young author of horror stories and his friend, and they find out that this strange palace is possessed by evil powers.",Hossam Shady,"Mohamed Elkassar, 
Tarek Fawzy, 
Belal Nasser, 
Hossam Shady",8.3
18800,tt13892914,Jengka,"It tells the story of Nini who is pregnant and asks her husband, Basir to send her back to her village in Jengka, Pahang to give birth to a child","Ramdan Che Hassan, 
Nyon Othman","Raja Azery, 
Eyka Farhana, 
Riezman Khuzaimi, 
Tamer Qamhiya",8.2
18815,tt22336852,Riyaa,"The story is about 5 characters who have a dream of becoming great musicians. To accomplish this, they look for a peaceful place to work on their music.",Vijaya Naresh,"Swetha Dharwad, 
Savithri Krishna, 
Vilas Kulkarni, 
Vikas MR",9.4
18834,tt15503170,The Ghosts of Somerville: Mrs. Micks,"First in this film series of hauntings in this historic town. Found dead in her attic, eaten by her cats, Mrs. Micks makes her presence known to people living in her house, with witnesses' accounts and opinions by a psychic expert.",Brian Vadim,"Cat Conway, 
Phil Husbands, 
Nikki Steward, 
Matt Unger",8.3
18862,tt7082238,And Then It Goes Dark,Two people stay at Historic Elm Springs in order to rehearse for their upcoming film only to find that they are not alone.,Austin Cook,"Abbi Butler, 
Austin Cook",8.0
18888,tt2195474,Misogyny,A young man is forever altered by the women life puts in his path.,Robert Berg,"Charlie Lowrey, 
Caitlin Tomlinson, 
Andrew Seaward, 
Tom Auclair",8.1
18895,tt7509632,The Witch hour: Curse of the ring,"Sameer along with his girlfriend Natasha and business partner Vikrant land up in a house during a field trip. A strange women visit their house and gifts Natasha a cursed ring,which leads to a horrible chain of events in the house !!.",Anjanikumar Tripathi,"Nitin Bhatia, 
Prateek Dubey, 
Saira Khan, 
Zareena Tripathi",8.0
18909,tt13091802,Eihwaz,Three friends take a vacation in the Swedish wilderness. Unaware of what ancient horror that awaits them.,Axel Rydén,"Jonathan Tufvesson, 
Andreas Gauffin, 
Isabelle Pedone, 
Marcus Frahm",8.9
18918,tt16435174,Over-Ride 'Narc - Island',As a Super Empath is laying in wait on a Caribbean island he is witness to see two of his [Narcissistic] long-time friends and coworkers stealing right from under him. He fed them and their...                See full summary »,Fragrance Francique,"Dexter Joseph, 
Michaiah Williams, 
David Ambrose, 
Iyjah Peters",8.0
18959,tt2991474,The Vampire,"A local news journalist named Zelene begins investigating a bizarre case of animal cruelty, and in turn uncovers something not quite human.",Geoffrey Orlowski,"Alissa Scherb, 
Rebecca C. Kasek, 
Mark Needham, 
Mu-Shaka Benson",8.8
19012,tt0213512,Bhargavi Nilayam,An enthusiastic and talented novelist (Madhu) comes to stay in a desolate mansion named Bhargavi Nilayam. The novelist and his servant Cheriya Pareekkanni (Adoor Bhasi) experience the ...                See full summary »,A. Vincent,"Madhu, 
Vijaya Nirmala, 
Prem Nazir, 
P.J. Anthony",8.1
19073,tt2837654,Signal Lost,"In the spring of 2012, a group of five students venture into the forests of Central Florida to film a documentary about a group of modern day gypsies. Very soon, what they come to realize ...                See full summary »",Tim Gallagher,"Jordan Babcock, 
Tara Briggs, 
Jessi Dupree-Cross, 
Tim Gallagher",8.0
19076,tt1454592,End,"In the face of an apocalyptic world, father and daughter are forced to grapple with their relationship while facing a pandemic that threatens to eliminate humanity. While the world decays ...                See full summary »",Meg Welch,"Pearce Akpata, 
Weston Cody, 
Lorn Conner, 
Lauren Dunacheck",8.0
19329,tt3946998,"Hey Monster, Hands Off My City","This Fellini-inspired Comedy Film directed by Michael Meehan, features a large comic cast, and stars SF Comedians Johnny Steele and Reggie Steele as SFPD homicide detectives, who find half eaten bodies turning up all over San Francisco.",Michael Meehan,"Ngaio S. Bealum, 
Geoff Bolt, 
Nora Borgonovo, 
Roberta Borgonovo",8.5
19407,tt14676768,Ieandavi,"Three couples take on an adventurous journey into the forest but soon one of the girls goes missing. Their search for her takes a horrific turn when one of the boys dies. Soon, the group ...                See full summary »",Phani Ram,"Anuradha, 
Dileep, 
Nandu Vijay Krishna, 
Chitram Seenu",8.7
19413,tt3515792,CU Soon,"Haunted by a single text message, a young woman must confront her dark past, to discover the truth behind a series of recurring nightmares.","Lizbeth Chappell, 
Wayne Lin, 
Josue Lopez, 
Jared Towler","Hayley McLaughlin, 
Trista Robinson, 
Mia Ando, 
Jason Her",8.1
19429,tt2083153,Carnage Hall,"A mad killer is loose, preying on the residents of the coolest male dormitory ever.",John Harvey,"Kevin Schmidt, 
Todd Camp, 
David Andriesen, 
Robyn Adams Schmidt",8.3
19454,tt12964804,Virtual Attack,"Two friends are going to do a Zoom meeting, but what they didn't know is that a unknown user joined them and start to make things go scary.",Miguel Caxeta,Isabella Geldbach,8.4
19461,tt15758414,Sister,A young nun is haunted by evil spirits.,Colin Denhart,"Anuja Barua, 
Jada Buehler, 
Mauricia Cortez, 
Matthew Davis",8.2
19502,tt16293944,The Best of the Lads 2021,The Best Of The Lads 2021 is the epic finale to the Pavilion Saga. With all collections and Modict videos released in 2021 all coming together to make the biggest and most ambitious collection to date.,Jack Vickers,"Jacob Fountain, 
Alex Wheeler, 
Joel Cain, 
George Grozier",8.1
19574,tt5300680,Doppelgänger III: Deja Vu,In 2017 Anna continues to be persecuted by her look-a-like dead two hundred years before. In 1818 investigations into the death of Luigi Bacchi and the infanticide Emma Rigoni are assigned to a new detective.,Gian Guido Zurli,"Clelia Cicero, 
Paolo Paolini, 
Julia Rossi, 
Enzo Vanarelli",8.0
19589,tt2136889,ED & The Awakening,"Can you imagine a world without Lizards? No you can't, because it doesn't exist.",Patrick Love,"Graham Bartholomae, 
Colleen Breen, 
Michael Calay, 
Aaron Caponigro",8.6
19801,tt5602872,Snuff,"Simon, an aspiring filmmaker has been laid off from three different jobs. Down on his luck he gets a call from someone offering him a chance to be a cinematographer for a movie with a huge ...                See full summary »","Steve Hasse, 
Dan Lang","John Vella, 
Tyger Sharee, 
Steve Hasse, 
Dayna Christy",8.4
19891,tt0426425,Chosen,"JAYLEE STANTON seems to always be down on her luck. Her love life with boyfriend WADE MARSTERS is ailing due to the haunting effects of the death of her fiancé, TREY NORTON, three years ...                See full summary »",Bren Allison,"Bren Allison, 
Cheri Christian, 
Chris Burns, 
Patrick Del Visco",8.5
19902,tt14391264,Lucifer'e and The Great Controversy,"LUCIFER'E dreamed of introducing her new magic world in the Earth and wished all the men and earth dweller creatures will bow down to witchcraft, that didn't succeed because Angel Joe came to the rescue.",Joseph Squellati,"Janeth Mora, 
Josephs Quartzy, 
Joseph Quinn, 
Tamil",9.0
20063,tt1402530,Na Ninna Bidalare,"Krishna refuses to accept Kamini's love for him. But when Kamini dies and her ghost possesses Krishna, his wife Gayatri tries to save him from this situation",Vijay,"T.N. Balakrishna, 
Leelavathi, 
Anant Nag, 
K.S. Ashwath",8.1
20126,tt3919096,Son of Frankenstein,"The late Dr. Frankenstein's son returns to the ancestral estate in Germany, where he revives his father's infamous creation. Mayhem ensues.",Scott Allen Nollen,"Todd Jacobsen, 
Troy Jacobsen, 
Tyler Jacobsen, 
Scott Allen Nollen",8.2
20132,tt1745649,1MC: Something of Vengeance,"Sarah Volkova, (aka 1MC), returns to where it all began, with one thing in mind...revenge.",Martyn Park,"Liliya May, 
Laurence Coy, 
Terry Serio, 
James Saivanidis",8.3
20237,tt3135540,Heavy Water,"Home after 5 years in prison, River must choose between his broken family and a strange, 'perfect' drug from an old friend.",Andrew Donoho,"Carter Jenkins, 
Jayson Warner Smith, 
Wes Watson, 
Sidney Allison",8.7
20369,tt7600566,Dark Ditties Presents 'Finders Keepers',Two inept poacher brothers stumble upon a barely breathing man with a locked briefcase in the woods.,Adam Evans,"Kenneth Cranham, 
Mark Wingett, 
Corin Silva, 
Bruce Jones",9.2
20408,tt15249650,Gravedigger Dave's Anthology Festival,Join Gravedigger Dave for 90 minutes of the best spooky short films from around the world.,"Corie Anderson, 
Lindsei Barros, 
Christopher Desiderio, 
David Dincer, 
Wei Geng, 
Keith Tyler Hopkins, 
Kamilla Norussova, 
Ilya Polyakov, 
Franz Ufer, 
Jason Wright","Robel Arega, 
Manik Bahl, 
Tony Bartele, 
Freddie Basnight",8.8
20409,tt10744836,Aahvaan,A group of boys and girls go to a forest for a fun picnic. They enjoy a lot but humans have very bad qualities like jealousy and greed which make them demons but they don't know that this is a forest.,Amrit Raj Thakur,"Amit Ranjan, 
Arya Chaturvedi, 
Muskaan Sinha, 
Jagriti Tiwadi",8.2
20436,tt2845434,Leolex,An eccentric man mistakenly locks himself out of his apartment and wanders the streets at night without his medication.,"Doug Gerber, 
Caleb Pennypacker","James Quall, 
David Liebe Hart",8.2
20531,tt2572014,Blood of the Witch: The Complete Film,"Originally conceived as a trilogy of short silent films, Blood of the Witch: The Complete Film is a new edit of all three films put together into one stand-alone piece. It follows the ...                See full summary »",Casey T. Malone,"Liz Owens, 
Kellie Ann Gregg, 
Tim Haney, 
Mike Thompson",8.4
20656,tt6155650,Shucks,"Focusing on a simplistically ritualistic man who after an attempt to escape his habitual flaws, passionately, yet unknowingly manufacturers himself into that which he chooses as consumption, eventually and ultimately consuming him.",Ty Brueilly,"Koba Brueilly, 
Megan Brueilly, 
Ty Brueilly, 
Austin Rich",8.6
20701,tt1218035,Nightlife,Being a vampire kinda sucks. At least that's the premise of this mockumentary comedy in which a small film crew follows six of the undead in their night-to-night lives.,Timothy Sanderson,"James Brownlee, 
Maria Collins, 
Jessica Dill, 
Paul Jacob Evans",8.2
20845,tt5655912,Coffee and Blood,A mysterious woman moves to a small town to open up a coffee-shop reserved for vampires.,David Lussier,"Melissa Drouin, 
Julianna Dzhyma, 
Vicki Murhead, 
Martin Simard",8.0
21030,tt9211200,Project Dead Zone,"Following a spike in paranormal activity at the Winchester Mystery House, Xfinity launched Project Dead Zone, a live paranormal investigation of the largest haunted house in the country. ...                See full summary »",Jason Zada,"Stephanie Altholz, 
Dana Blasingame, 
Blake Hansen, 
Chris Marsol",8.2
21192,tt10234010,Dark Ditties Presents 'Dad',"David is a young man who is fighting for survival in a world destroyed by a Zombie apocalypse, caused by The Risen Word Cult Leader Tyberius Krane. Lost in the woods with his father Terry ...                See full summary »",Adam Evans,"Mark Wingett, 
Ian Beattie, 
Michael Higgs, 
Ian Gelder",8.7
21376,tt9089852,El Pollo Es Loco,"A couple of kids in high school rent a book called the pollonomicon, from the school library in hopes to possess an ancient demon to help them combat some bullies picking on them during ...                See full summary »",Stephen Grischuk,"David Grischuk, 
Nicholas Grischuk, 
Beverly Johnson, 
Shane Kepler",8.5
21592,tt6710618,South African Spook Hunter,"South African Spook Hunter Matty Vans hires a film crew to document his paranormal ghost hunting business. Just as they tire of following him around to find no evidence of the paranormal, ...                See full summary »","Kathryn MacCorgarry Gray, 
Daniel Rands","Matt van Niftrik, 
Taryn Kay, 
Ashley Winter, 
Ella Kean",8.3
21670,tt4448446,Zhigrana,"Christine Summers has been working in an NGO in Nepal for the past four years. Her boss assigns her to do a last mission in Ruku to collect information of the life outside of the cities, ...                See full summary »",Pasang Lama,"Sagar Adhikari, 
Subash Basnet, 
Hari Prasad Bhattarai, 
Patricia Buigenet",8.3
21676,tt1552189,Camera Obscura,A woman grows to adulthood believing that she is unattractive until a nomadic photographer's images allow her to see the beauty within.,Drew Daywalt,"Reagan Dale Neis, 
Timm Sharp, 
Donnie Jeffcoat, 
Jack Klugman",8.5
21720,tt2219554,Megalomania,"Atom and Eve are consumed by their addictions in a perfect dream world. But when an anonymous stranger calls on them, a darkness begins to enter their lives. Now they can no longer differentiate reality from fantasy.",J.A. Worthington,"Willie Brown, 
Trevor Crane, 
Jason Grieco, 
Drew Moss",8.0
21861,tt1975310,Tomato Man,Tomato Man is a serial killer in a small community that starts killing unsuspecting ladies. The Mayor and Detectives are in a search for Tomato Man the problem is no knows who Tomato Man is.,Matthew W. Enstrom,"Jason Crowe, 
Matthew W. Enstrom, 
John Fairchild, 
Curtis Humble",8.6
21948,tt7159092,David,"The story revolves around the protagonist, Gautham, his love interest Shreya, and the renowned industrialist Mr. Sharma; it contains four parallel stories that are all connected by one ...                See full summary »","Yogambar Bargav, 
Shreyas Chinga","Anirudh Acharya, 
Rakesh Adiga, 
Rakshan Albert, 
Avinash",8.0
22018,tt4186182,Take 2: The Audition,"When 12 Actors embark on a journey through the woods on what they believe is a casting call for a multimillion dollar horror film, they soon find out that the cameras are rolling and they already got the role.",Rob Hawk,"Tyler Mane, 
Genoveva Rossi, 
Mark Valeriano, 
Loren W. Lepre",8.2
22088,tt8763994,Thr33,Through a series of tape recordings a young girl seeks to find out the truth behind a haunting.,Nicholas J. Hagen,Paige McKenzie,8.0
22226,tt0408209,Spook,About Canada's secret involvement in the Vietnam War.,Barry W. Levy,"Barry W. Levy, 
Peter LaCroix, 
Rachel Cronin, 
Jay Brazeau",8.1
22258,tt13475494,The Inner,"A man named Michael sets up these experiments to show the public his paranormal inner friends, but little does he know that he accidently summoned something demonic that is now among him",Elijah Butler,Elijah Butler,8.5
22263,tt2629802,Fix It in Post,A filmmaker's guide to surviving the apocalypse,Christine Parker,"Miles Snow, 
Lilly Nelson, 
Carrie Jones, 
Bill Mulligan",8.2
22359,tt15772306,Preludes/Beginnings,Whispers of the past and present come together in the darkness of the theater in this Emmy-nominated dance film performed by Ballet Austin and filmed on-site at the haunted Scottish Rite Theater.,Paul Michael Bloodgood,"Max Azaro, 
Ian J. Bethany, 
Edward Carr, 
Katherine Deuitch",8.5
22362,tt1815664,Dead Crazy,The world is in trouble. A human made infection spreads rapidly. Two people are put together and are in hiding. What is their connection apart from not being infected.,Frank Scantori,"Bonnie Adair, 
Andrew Lewis, 
Matt Houlihan, 
Wendy Cooper",8.0
22601,tt13287064,Tales of a Scorpio's Stinger,"If you hurt animals, Kiera will stop at nothing to make you pay.","Jason J Eliot, 
Trey Lindsay","Evelyn Ov, 
Jason J Eliot, 
Trey Lindsay, 
Vanessa Vander Pluym",8.3
22728,tt4890154,The Abducted,"A killer has a group of abducted girls. One escapes, then the others try as well. He has simple rules: ""If you try to escape, you die.""",Larry Rosen,"Larry Rosen, 
Carly Eden, 
Stephanie Dunbar, 
Kate Pentek",8.7
22782,tt6872670,Dark Ditties Presents 'Mrs Wiltshire',"An elderly lady Mrs. Wiltshire is trapped in her house by the evil spirit of her deceased abusive husband. Despite her son Tony's pleads to leave with him, Mrs. Wiltshire is torn between ...                See full summary »","Neil Morris, 
Gary Smart","Bruce Jones, 
Simon Bamford, 
Gemma Gordon, 
Rocky Morris",8.2
22885,tt3223174,GGG: One Night Stab,A foray into the mind of a homicidal maniac who also just happens to do stand up comedy.,Matt Frame,"Gerald Varga, 
Ashley Evans, 
Alanna Kobza, 
Shawn Bordoff",8.1
22944,tt3113632,Poltergays: Pesadija en lo profundo del recto,"In 1981, the government financed a film Melman and Oyarbide with a message in favor of the Malvinas war. Finished, the filmmakers have to go into exile in Guatemala and the film was banned. Wes Craven make i over after seeing it.",Germán Magariños,"Vic Cicuta, 
Ramon Cordero, 
Leandro De la Torre, 
Ezequiel Hansen",8.2
23000,tt2255946,Shadows,Two young women are invited to a strange party in a large country house. There they join in a game where they play undead creatures hunting for the mortal victims in their midst - but ...                See full summary »,Richard A. Becker,"Genevieve Southwick, 
Alison Wesley, 
Casey Grant, 
Robert Ready",9.0
23043,tt11252952,Undha..Ledha..?,"""Sound Kills Without Proof""",A.V. Siva Prasad,"Ankitha Muler, 
Ramakrishna",8.0
23119,tt13376140,YOLO: The Horror Movie,"In this genre bending sequel to YOLO: The Movie (2015), Edward and Jacob are confronted with life threatening threats, and dangerous dangers.",Dylan McKay,"Ben Anderson, 
Dylan McKay, 
Catherine Mortimer, 
Maddy Anderson",8.3
23176,tt5684312,Flesh and Blood a Go! Go!,A series of graphic murders have been happening on the set of photo shoots.,Adrian Baez,"Shane Ryan-Reid, 
Nicoletta Hanssen, 
Karri Davis, 
Denys Toliarenko",8.9
23223,tt4914264,Fester,"A troubled and abused youth, Tommy Fester, grows up to become something far more sinister...and deadly.",Emir Skalonja,"Nina Baldy, 
Bob Bozek, 
Edward Brown, 
Gabriel Brown",8.1
23400,tt4696666,The Friday Night Death Slot,"The Friday Night Death Slot lampoons late night television in both horrific and comedic ways. Johnny Ghoulash is the host of the The Friday Night Death Slot, and is ever ready to serve up shorts, trailers, commercials and loads of fun.",John Migliore,"John Migliore, 
Andre Guantanamo, 
Deborah Jayne Reilly Smith, 
Rachél Hopkins",8.2
23453,tt1161647,Last Getaway,Last Getaway is a one of a kind Comedic-Horror film that is as quirky as it is creepy. When Will Hataway convinces his friends that a camping trip in the forest near his hometown will be a ...                See full summary »,Patrick C. Clinton,"Ethan Adams, 
Natalie Sieber, 
Trey Woodrum, 
Darius Sellers",8.6
23633,tt3036216,Zombi Apocalipsis Sensuale,Bondini is a mad doctor who is creating an army of Zombie Cannibals and trying to give birth to the first zombie baby,Germán Magariños,"Vic Cicuta, 
Ramon Cordero, 
Leandro De la Torre, 
Gabriela Sheena Gonzalez",9.3
23780,tt1051825,Dementia,"The film forces us to confront a bipolar reality, once dark, once light, a reality too often repressed.",Fadhel Jaïbi,"Jalila Baccar, 
Mohamed Ali Ben Jemaa, 
Fatma Ben Saïdane, 
Salha Nasraoui",8.0
23808,tt8668610,Teacher's Lounge,New teachers must partake in a sadistic ritual on the first day of school. It provides one possible answer to the lifelong question: What really goes on behind those closed lounge doors?,Josh Mruz,"Brandon Van Vliet, 
John Edel, 
Alex Galick, 
Tiffany Cornwell",8.3
23842,tt5821244,Firefighter Helmet Cam,Firefighter respond to a false call and he gets trapped in the house.,Mihail Nicolae,"Andy Marinca, 
Daniel Nicolae, 
Adriana Z., 
Iosif Zainea",8.1
24029,tt5587212,Gateseven,"FARRUKH B. SHEIKH'S LATEST TRAILER FOR 8TH FEATURE FILM, ""GATESEVEN"" BASED ON TRUE EVENTS SURROUNDING STORIES OF 7TH GATEWAYS TO HELL ON EARTH AND ONE USED TO BE IN STULL, KS.",Farrukh Sheikh,"Kashif Sheikh, 
Austin Vaughn, 
Laurelia Sheikh, 
Diego Bieberach",8.5
24085,tt5896946,Hell's Gate,Bobby and Janet Mackey buy a bar unaware of it's sordid history but soon the spirits and past life selves make themselves known as the bar itself may be sat on the Gateway to Hell.,Ron Whitt,"Sarah Ibold, 
Tom Bodley, 
Melissa Fox, 
Mike Flinchum",8.0
24187,tt4415454,Kawan Aku Mati dalam Rumah Sewa,One of their friends accidentally died in their house by mistake. What are they gonna do with their friend's corpse?,Hashim Rejab,"Acey Bocey, 
Abam Bocey, 
Fad Bocey, 
Along Eyzendy",8.2
24458,tt2346034,The WitcHunt,"Loosely based off the seven deadly sins, The WitcHunt takes you through the day in the life of seven different people living with their own personal struggles.",T.D. Benton,"Charles Liggett, 
Gary Pirraglia, 
Lisa Belue, 
Derek Thomas",8.4
24657,tt2592964,Mangrove Slasher 2,"Lurking in the mangroves just beyond the swamps at the edge of the coast, lives a shadowy figure hellbent on ruining everyone's good time. His method - A machete. His reasons - We may never...                See full summary »",Sean Haitz,"Rick Svec, 
Sean Haitz, 
Grace Haitz, 
Mis Sadistic",8.7
24659,tt2396154,Rock Bottom Creek,"When a stressed couple decide that a weekend road trip could revive their battered courtship, an unpredictable series of luckless mishaps turn a reserved town into a personal hell.","Steve Balewicz, 
M.C. Nowell","Steve Balewicz, 
Chantal Blue, 
Michael 'Mick' Sawyer, 
David I. Coffee",8.5
24867,tt4893194,Fine Housekeep,A husband and wife daydream on a normal day.,Trevor Bather,"Tyler Antoine, 
Andrew Freud, 
Aaron Hoffer, 
Shannon Irrgang",8.0
25067,tt12767794,Empire,"Empire is a feature film following the misadventures of two men shipwrecked in the vast Pacific Trash Vortex. As the men struggle to survive, the power play between them devolves from the ...                See full summary »",Paul L. Carr,"Nick Leininger, 
Don Schroeder",8.6
25131,tt14074042,"Death, My Darling","A man with a death wish unknowingly sells his soul to an evil force, resulting in his attempted death through the world around him. In this tale, a lost man becomes a broken one.",Jarrod Van Hauen,"Mike Barkhoff, 
Liam Jeffries, 
Ron Gomes",8.6
25183,tt1612610,Natural Demise,"Because people aren't perfect, Jesse Lincoln takes matters into his own hands by using his abilities and demon, but perfectionist behavior, to carve and butcher and then wire his victims ...                See full summary »",Richard Ryan,"Ashleigh Apperson, 
Sean Baumstark, 
Edward Cantu, 
Ken Carr",8.5
25248,tt2193368,Behind the Horror,BEHIND THE HORROR is a dark comedy about the making of a horror film. A documentarian follows a narrative film crew on the first day of principal photography of a historical horror feature ...                See full summary »,Merik Tadros,"Brittney Refakes, 
Danny Myers, 
Mikal Shkreli, 
Brittany Clapper",8.6
25467,tt5967812,Do Not Disturb the Dead,Two inner city youth come up with a apocalyptic plan to take over the world. Making their main priority to live to see tomorrow.,"Carl Jackson, 
Carl Jackson","2 Low Esteban, 
Jaylin Bailey, 
Falynn Burton, 
Alyssa Craigie",8.8
25509,tt4497948,Obscenus,"A tent trip in the woods turns out to be a deadly threat for four friends. Jonas, Matthias, Benjamin and Carina noticed too late, what evil power they have evoked.",Nikolai Schwarzl,"Günther Frühwirth, 
Claudia Hackl, 
Thomas Hackl, 
Marcel Harb",8.1
25525,tt3889962,Clown Shank,"The life, the times, and the everyday struggles, of an average Joe that lost his way in life. Over the course of three days, the clown, AKA Anthony, just wants to get through the day ...                See full summary »",Anthony Gaudette,"Nick Basile, 
Zack Breen, 
Sean Brown, 
Matt Carrier",8.2
25931,tt13449612,The Nightmare Returns: A CarrotKiller101 Movie,"As summer break begins, Arhold, Henry, and Stan are dealing with trouble, that is until they went to bed last night.. and each of them - are about to face - the worst nightmare yet..",Alex Parrish,"Brian, 
David, 
Eric, 
Eric Ivona",8.2
25975,tt16751496,The History That Haunts Us,"The History That Haunts us follows the story of Brian and Jennifer, Together they must travel back to their hometown and uncover the truth in their town's history that still haunts it to this day.",Creighton Hobbs,"Hunter Bickham, 
Chris Bosarge, 
Brodyjaymark, 
Jessie Kennedy Brown",8.1
26077,tt1720211,Roses Are Dead,Three young women find this Valentine's Day that roses are dead when a stranger sells them black roses.,Min Tran,"Natasha Juravic, 
Sarcha Braund, 
Jane Lundmark",8.0
26099,tt0788206,Satur,"Cristina, a pretty young neighborhood girl, is pursued by the mysterious Satur, a wealthy but mysterious young man. Cristina, however, is engaged to Sendong, a young farmer. When Cristina's...                See full summary »",Lamberto V. Avellana,"Manuel Conde, 
Jaime de la Rosa, 
Delia Razon, 
Alfonso Carvajal",8.8
26169,tt2763068,The Games That Children Play,Rae has been experiencing troubling dreams and premonitions since her childhood.,Shaundraey Carmichael,"Henry Louis Adams Jr., 
Lurreane Beard, 
Nick Benton, 
James Samuel Bignon III",8.6
26221,tt7661556,Disociation,"Emanuel Gil is having a crisis point, since he has not found inspiration for his next book. At the right moment, Dianne appears, and Emanuel believes he can find the inspiration needed to start up his new story.",Nicolás de Jesús,"Marco Valdovinos, 
Christel Caballero, 
Brandon de Jesús, 
Amayrani Luna",8.3
26416,tt14589202,Forestland,Three friends go into a mysterious forest to investigate the unexplained deaths of countless people.,Kashyapeya Aich,"Kashyapeya Aich, 
Srijit Chatterjee, 
Archismita Das, 
Ratul Das",8.0
26428,tt2322496,Venge,Venge is a hauntingly creepy claustrophobic film based on real events about demonic forces physically and emotionally ravaging a family with no end in sight.,Eric Ruiz,"Natalie Kaufman, 
Kean Matthams, 
John Saba, 
Willow Hale",8.7
26622,tt5839852,The Wall of Souls,A resourceful teenager must work with her masked captor's psychologically disturbed daughters to escape before she ends up a victim of his basement haunted attraction maze.,Robert Katerwol,"Vida Zukauskas, 
Gary Wright, 
Shannen Melissa, 
Annette Nedilenka",8.4
26775,tt2246695,Frankenstein's Patchwork Monster,"A wager is made, a book of horror fiction is written. It becomes know as, ""Frankenstein, or a Modern Prometheus"", by Mary Shelley. Though what happens if fiction was fact? Can a soul be immortal. Is everlasting life worth such misery?",Emil Novak,"Melantha Blackthorne, 
Bill Kennedy, 
Bob Bozek, 
Paul McGinnis",9.0
26878,tt1672765,Hollywood Christ,A street performer who portraits Christ finds himself trapped in a limbo between birth and death.,Javier Barbera,"Jason Morciglio, 
Mari Cielo Pajares, 
Elias Iatridis, 
De Veaux",8.9
27290,tt4270112,Restoration,"The ghost of 10-year-old Yvonne LeMay has been anchored to the trunk of a 1950 Fleetline Deluxe for over half a century. Uprooted from a rural setting, the change in car ownership doesn't ...                See full summary »",Ryan Oliver,"Molly Brennan, 
Helena Buckley, 
Norbert Caillouet, 
Brian Connelly",8.6
27378,tt2569736,IMagine,IMagine is a cavernous psychological erotic murder mystery with twists and spins that will force you to question your own imagination. Dr. Rachel Tuesday is an prominent well respected ...                See full summary »,DeWitt Jones,"Tarjatta Rose, 
Simone M. Whitlock, 
Jeff Trink, 
Keon Black",8.2
27485,tt3654396,Murder Junkie,"To overcome his heroin addiction, a writer begins his newest novel, about a man who becomes addicted to killing people. But the more he writes, the more he is consumed by his own creation and soon blurs the line between fiction and reality.",Kaleb Quist,"Brennan Villados, 
Brian Pisani, 
Gary Turner, 
Elle Rose",8.0
27665,tt16024964,Attack of the Scarecrow from Mars,A bunch of emo kids fight a scarecrow from outer space while two investigators search for a missing baby.,Steven Reifsteck,"Joe Bryant, 
Eric Dollich, 
Justin Gordon, 
Mike Klein",8.3
27757,tt4939078,Sins of Man: Rise of Mortis,A young girl has finally dealt with the events of her past when a killer strikes her small Maine town turning her life upside down for a second time.,Jamie Santamore,"Carrie Baker, 
Taylor Burns, 
Adam Ewing, 
Rebecca Flaherty",9.0
27780,tt3981396,The Forsaken Pages,"Brothers Kassem and Sohail Baker deal with vampires, werewolves and other supernatural forces, while trying to cope with the past.",Kamran Ismail,"Jabraan Ismail, 
Kamran Ismail, 
Lyon Beckwith, 
Kevin Hunt",8.3
28079,tt3919122,Plan 10: The Vengeance of Bela,"This ""unofficial"" sequel to Edward D. Wood's notorious ""Plan Nine from Outer Space"" follows the frightening misadventures of postal carrier Regis Stanely, who joins forces with the intrepid...                See full summary »",Scott Allen Nollen,"Pat Byrnes, 
Dave Greer, 
Todd Jacobsen, 
John Jensen",8.5
28293,tt5742880,The Butcher,"A widowed woman, Lori, attempts to get back into the dating scene; But her happiness is short lived when she falls victim to a man who calls himself The Butcher, and his fetish for dismembering women.",Emir Skalonja,"Kay Baun, 
Elizabeth Becker, 
Sam Jindra, 
Joshua McDonald",8.0
28318,tt2091361,My Horrible Love,Four foul mouthed family members attempt to settle their differences at a caravan site in Essex.,Charles Edmond,"Jason Croot, 
Charlotte Devaney, 
Ben Edmond, 
Charles Edmond",8.1
28478,tt1719608,Renaissance of the Dead,A group of Renaissance Fair players are chased through an isolated forest by zombies.,Victor San Miguel,"Trevor Hall, 
Cassidy Schiltz, 
Ben Warner, 
Michael Dorian",8.0
28667,tt4550596,"Desalmados: aleluia, salvação e glória!","In the small town of Nova Tessalônica, a miracle happens! But the saint who rises from the ground brings more than joy. She is God's messenger for humanity's ultimate test.",Flávio Carnielli,"Wander Moliani, 
Giovanna De Sordi, 
Marcel Poullet, 
Fabio Thithola",8.0
28848,tt0166575,Dimension,"A man gets a power to cross dimensions in a cave, after using it, he finds out in the worst way that the use of dimensions has consequences.",Leon Armand,"Steve Morrell, 
Dominique Harris, 
Yoshiko Kam, 
Don Schmidt",8.6
28899,tt4548650,Evil Bread,"Life is simple for Andy and Dave. They spend much of their lives watching horror films, and when their college media course demands that they actually contribute, they create horror films. ...                See full summary »",Andy Ward,"Chris Welch, 
Hollie Anne Cartwright, 
Jeremy Cave, 
Stuart David Gannon",8.8
29186,tt15402804,Il bacio,"He and She are the personification of love, they live in an ethereal and surreal dimension. Their love becomes hatred and anguish until death.",Pietro Graffeo,"Irene Ardito, 
Noemi Bottone, 
Federica Gurrieri, 
Federico Mosca",8.1
29494,tt3097934,Cheeseballs,"An anthology featuring the worst shorts you have ever seen. Shorts featured are The Pizza Who Rapes People 1-3, Cocksucker the Movie, Ungabunga, and The Fantastical Banana Spider Hero Boy.","Tom Martino, 
Matt Rogers","George Aguilera, 
Laurey Allen, 
Bob Alvarez, 
Kenneth Andrews",8.2
29590,tt1899109,Abomination,"A film at the intersection of fundamentalist fervor and mental illness. Kurt Schroeder, a Christian rock musician embarks on a documentary project that chronicles his spiral into murder, madness and mayhem.",Ryan McLaughlin,"W. Scott Parker III, 
Andrew Arico, 
Jeff Briggs, 
Elijah Chester",9.0
29777,tt6901444,Murder on Marburg,'This house has a few secrets it would rather keep hidden.',Matt Roden,Matt Roden,8.0
29835,tt5891194,Flesh of My Flesh,"Teenage girl finds out, through her dreams and hallucinations, that she has a rather violent and morbid past. She sets out to right the wrong but her journey will take her to hell and back.",Emir Skalonja,"Al Baker, 
Michael Balch, 
Catherine Brundage, 
Shawn M. Essler",8.6
29956,tt1935229,Siodmak,"A Modern Frankenstein Film, set in New York City, where a former cop, a medical examiner and a online journalist must discover the terrifying secret behind a serial killer's actions that hold the Big Apple in a constant state of fear.",Nicholas Ortiz,"Michael Valentine, 
Masha Mendieta, 
Kit Lang, 
Krista Chandlee",8.4
29996,tt2388781,The Prospector's Curse,"Two criminals disrespect the dying wishes of an old Prospector, and must face the horrific consequences for their sinful ways.",Josh Heisie,"Arcade Riley, 
Johnny Quinn, 
Robert Nolan, 
Rick Cordeiro",8.2
30118,tt0889217,El renacer,"Three former students of a famous specialist in occult sciences are unexpectedly summoned to solve the enigma of Can Vianya, a gloomy 18th century ""masia"" or farmhouse, located in a remote,...                See full summary »",Andrés Ramos,"Ricard Boné, 
Meritxell Alvira, 
Mariona Bosch, 
Oriol Maynadé",8.3
30133,tt8911302,Dark Inspiration,A young writer is inspired by a strange woman to write a book about death. But some books are better left unwritten.,David Lussier,"Vicki Murhead, 
Julianna Dzhyma, 
Martin Simard, 
Jean-Francois Breton",8.0
30386,tt13267024,Cold Calm,A mentally ill survivor of a disfiguring assault invites her unwitting assailant over for an evening of horrific revenge.,Tyna Ezenma,"Gbenro Ajibade, 
Victor Chude, 
Sydney Diala, 
Desmond Ekeh",8.6
30557,tt3188402,Sphere of Fear,"A possessed football is killing people. Dylan Davis, with the help of a hot goth chick, must avenge his brother's death by the football and kill it before it falls into the mercenary hands of the mysterious hunter.",John Mitchell,"Warren Baker, 
Chris Ball Hero, 
Gina Bee, 
Ben Carroll",8.2
30769,tt3129450,Walking Shadows,"As a college sophomore's academic life devolves into substance abuse and depression, he fears that his friends are being stalked by a killer whose existence he can't discern from hallucinations.",Jack Bennett,"Dreagn Foltz, 
Kati Barefoot, 
Kelly Finnegan, 
Sean MacLaughlin",8.8
31174,tt4382712,Another Bleeding Love Story,"Lucas and Lily both love serial killing, although for different reasons: she's a sociopath, he's working through Mommy Issues (with Jesus's consent!). Will their Romeo and Juliet love story survive? Settle down, have some tea and find out.",Austin Sheeley,"Lincoln Carpenter, 
Bridget Cavaiola, 
Julie E. Gabrielli, 
Devin Greene",8.0
31556,tt7093188,Darkside Stories,"5 boys go on a camping trip and tell scary stories around a campfire. Can the boys handle stories of werewolves, balloons, and a DVD store owner?",Matthew Mark Hunter,"Matthew Mark Hunter, 
Zach Waterbury, 
Jovanny Ortiz, 
Noah Kenyon",8.6
31870,tt3260090,Miserable Marnie & The Shut In,"Miserable Marnie Strauss (17), a lonely teenage girl, lives alone with her reclusive mother, Matilda in a small town. She dreams of nothing more than to befriend the popular girl, Spencer, ...                See full summary »",Colton David Coate,"Rae Evanssen, 
Suzy Vincent, 
Rebecca Moreira, 
Jacquelene Harvel",8.0
31894,tt7966708,A Christmas Monstrosity,A snow-beast terrorizes a small mobile home community.,Rhonda Parker,"Michael Hawerbier, 
Mark Parker, 
Amelia Favata, 
Matt D. Lord",8.5
31994,tt5313222,It Is Really Over,"Celebrating her newly being single, Daisy's friends have a drinking bender. While drunk, they call and torment Daisy's ex... which could have dire consequences.",Larry Rosen,"Nichole Jorgensen, 
Elyssa Nicole Trust, 
Rita Raider, 
Larry Rosen",8.8
32843,tt1478868,Villa: Sons of the Holocaust,Many of the Nazis still at liberty when in the 1950s nations closed books and turned over new leaves were hunted privately or publicly by Jewish vigilantes. Born in the shadow of murder and...                See full summary »,Calogero Venezia,Elena Maran,8.3
32943,tt3015306,L'ultimo caffè,A strange film crew is attempting to make an independent movie.,Gianluca Zonta,"Fernando Cova, 
Leonardo Furci, 
David Montagnini, 
Fabrizio Polo",8.5
32988,tt13628806,Non Cannibal Disco Killer Carnage'O'rama,"A group of troubled teenagers are going for a religious retreat in the woods with the Father Loosehead to try to forget the past and find Jesus. But Harry Fordson, Mich Robertum, Sandra ...                See full summary »",Otto Rivers,"Florence Bardou, 
Stephane Belhomme, 
Or El, 
Otto Rivers",8.4
33104,tt6260098,Door to Door,"Seven sinners each displaying characteristics relating to one the Seven Deadly Sins are stalked by The Doorman who claims he can help them. However instead of help, The Doorman takes the sinners on a journey they couldn't imagine.",Jimmy Wienholz,"Charles Williams, 
Jordan Cain, 
Christopher Benson, 
Micheal Benson",8.4
33513,tt5075084,Dark Red Blood,A mysterious killer starts to destroy the life of a resident near George Beach. He kills to wash the sins.,Domi Cutrona,"Carmen Bramanti, 
Marcello Cannavò, 
Emiliano Defrancesco, 
Ivana Dell'Albani",8.0
34805,tt2138042,Fantastic Tales Of The Unknown: The Movie,"On the day of Halloween, two fan boys reminisce their favorite episodes of a supernatural 80's TV show that has long been canceled.","Anil Dhokai, 
Chris Gervais, 
Brian Oxendine, 
Micah Troublefield","Keith Dugan, 
Linda Guth, 
Michael Ruff, 
Mahri Shelton",8.0
35340,tt1781889,Presence of Darkness,"What happens when you're attacked by something, but no one believes you? Ben, Melissa, Darnell, and Courtney are about to find out. One by one, it seems something is out to turn their fears into reality.",Josef Niznik,"Marilyn Weinmann, 
Rob Darren, 
Manuel Domenech, 
Kelley Janell Hall",8.4
35989,tt1980971,Ghosts of Old Shanghai,"Ghosts of Old Shanghai is a Horror/Thriller film with elements of Chinese mythology, history, comedy, and martial arts. Set against the compelling backdrop of modern Shanghai, it's an ...                See full summary »",Eric Heise,"Charles Mayer, 
George C. Tronsrue, 
York Chen, 
Yihan Fang",8.2
36548,tt1899341,Valley of the Succubus,"In a small country theatre a troupe of bizarre actors come to town. The cast of a 'Jack The Ripper' themed musical led by the mysterious Dr Karma and his minions Tumulus, Kitty Hawke and ...                See full synopsis »",Samuel Wheeler,"Anastasia Koltsova, 
James Bailey Fletcher, 
David Harris, 
Kate Diamond",8.4
